0,text,polarity,subjectivity,sentiment,neg,neu,pos,compound
RT @GoonerViews: â—ï¸ğŸ¥ˆPedro Neto could join Arsenal if Wolves sign Goncalo Guedes. [@DExpress_Sport],  pedro neto could join arsenal if wolves sign goncalo guedes   dexpress sport ,0.0,0.0,positive,,,,
RT @sjayy24s: Seems like Bellerin has terminated his contract with Arsenal., seems like bellerin has terminated his contract with arsenal ,0.0,0.0,positive,,,,
RT @Deepshit6097662: Arsenal vs Leicester tickets is available mate dm and get yours now #arsenal #COYGâ€¦, arsenal vs leicester tickets is available mate dm and get yours now  arsenal  coyg ,0.4,0.4,neutral,0.0,1.0,0.0,0.0
"RT @NBCSportsSoccer: Yesterday, Mikel Arteta revealed that Arsenal is looking to bring in more players before the transfer window closes.â€¦", yesterday  mikel arteta revealed that arsenal is looking to bring in more players before the transfer window closes ,0.5,0.5,neutral,0.0,1.0,0.0,0.0
If Arsenal gets anywhere near 100% by Tuesday. Theyâ€™re winning worlds. But hes gonna have to be pretty close to tipâ€¦ https://t.co/CDEqGTIyaP,if arsenal gets anywhere near 100  by tuesday  they re winning worlds  but hes gonna have to be pretty close to tip  https t co cdeqgtiyap,0.2833333333333333,0.7166666666666667,positive,,,,
"@OhGandolfi Faut qu'on soit partenaire de gros club comme city,arsenal,etc..pour nous prÃªter des bon joueurs chaqueâ€¦ https://t.co/nxaqIWHMGT", ohgandolfi faut qu on soit partenaire de gros club comme city arsenal etc pour nous pr ter des bon joueurs chaque  https t co nxaqiwhmgt,0.0,0.0,neutral,0.0,1.0,0.0,0.0
@marshall123454 But arsenal still finish 7th of course, marshall123454 but arsenal still finish 7th of course,0.0,0.0,neutral,0.0,1.0,0.0,0.0
"RT @grizouu_7: ğŸ°ğ— Wallpapers 
 â€¢ Arsenal â¤ï¸ğŸ“± https://t.co/D8pjfnvtyR","   wallpapers 
   arsenal   https t co d8pjfnvtyr",0.0,0.0,neutral,0.0,1.0,0.0,0.0
RT @afcreport14: ğŸš¨Wolves winger Pedro Neto could join Arsenal if boss Bruno Lage lands Goncalo Guedes. [@DExpress_Sport].,  wolves winger pedro neto could join arsenal if boss bruno lage lands goncalo guedes   dexpress sport ,0.0,0.0,positive,,,,
@sif_arsenal Ø£ÙØ¶Ù„ Ù…Ù† Ø´Ø§Ø±Ø¹ Ø§Ø±Ù†ÙˆÙ„Ø¯, sif arsenal        ,0.0,0.0,neutral,0.0,1.0,0.0,0.0
"Rapaz, quando eu comecei essa conta eu nunca pensei que ia ver esse tipo de coisa. Inclusive tinha um do Arsenal https://t.co/MQutCe0gi0",rapaz  quando eu comecei essa conta eu nunca pensei que ia ver esse tipo de coisa  inclusive tinha um do arsenal https t co mqutce0gi0,0.0,0.0,neutral,0.0,1.0,0.0,0.0
"RT @LoveJurgen: am looking for Liverpool fans, city fans, arsenal fans, united, or anybody interested in making a football podcast togetherâ€¦", am looking for liverpool fans  city fans  arsenal fans  united  or anybody interested in making a football podcast together ,0.25,0.5,positive,,,,
RT @PetiteKaybee: Glad @Nigerianscamsss stopped bullying my guy @Deen8. ğŸ˜¤ Shout out the @theplantainshowâ€™s new #Arsenal special episode! #Gâ€¦, glad  nigerianscamsss stopped bullying my guy  deen8    shout out the  theplantainshow s new  arsenal special episode   g ,0.33116883116883117,0.6753246753246754,negative,,,,
"RT @_Benito___: Finales europeas desde 2016:
Real Madrid- 8
Sevilla- 4
Villarreal- 2
Eintracht Frankfurt- 2
Inter- 1
Ajax- 1
Arsenal- 1
Olyâ€¦"," finales europeas desde 2016 
real madrid  8
sevilla  4
villarreal  2
eintracht frankfurt  2
inter  1
ajax  1
arsenal  1
oly ",0.2,0.30000000000000004,neutral,0.0,1.0,0.0,0.0
"RT @NatGeo: Climate change, as well as fungicide overuse in agriculture, has driven a rise in fungi capable of infecting people and evadingâ€¦", climate change  as well as fungicide overuse in agriculture  has driven a rise in fungi capable of infecting people and evading ,0.2,0.4,positive,,,,
"RT @ArsenalFC_fl: 'See you soon!' ğŸ‘€

#AFC

https://t.co/Nv36DkfiPX","  see you soon   

 afc

https t co nv36dkfipx",0.0,0.0,neutral,0.0,1.0,0.0,0.0
La Fanbase dâ€™Arsenal quand il sâ€™agit dâ€™avoir un avis sur un de leur joueur https://t.co/kgJoPzY45p,la fanbase d arsenal quand il s agit d avoir un avis sur un de leur joueur https t co kgjopzy45p,0.0,0.0,neutral,0.0,1.0,0.0,0.0
@LegendoftheThe @AspireTechno I should say I meant Cox and Lawrence â€” obviously I'm not party to your Arsenal bloggers subculture., legendofthethe  aspiretechno i should say i meant cox and lawrence   obviously i m not party to your arsenal bloggers subculture ,0.0,0.5,negative,,,,
Arsenalâ€™s training grounds are absolutely shit,arsenal s training grounds are absolutely shit,-0.2,0.8,negative,,,,
@bradcfc_ @SacredShrimpus @CFC_Kashdro @helvyse He scored 4 league goals during his last season at Arsenal lol, bradcfc   sacredshrimpus  cfc kashdro  helvyse he scored 4 league goals during his last season at arsenal lol,0.4,0.3833333333333333,positive,,,,
"RT @golub: For half a year of the war with Russia, one can confidently declare the unbeatable superiority of Western weapons over Russian aâ€¦", for half a year of the war with russia  one can confidently declare the unbeatable superiority of western weapons over russian a ,0.08333333333333334,0.25,negative,,,,
"RT @TyronusN: The tax dollars from every radical left-wing country go to the UN, WHO, and the WEF. That's how they get their money. They usâ€¦", the tax dollars from every radical left wing country go to the un  who  and the wef  that s how they get their money  they us ,0.0,0.0,neutral,0.0,1.0,0.0,0.0
"@SkySportsPL How's Bournemouth ahead of Arsenal though. ğŸ˜‚ğŸ˜‚
The disrespect is really loud. I hope the apologies will be even louder.ğŸ˜Š"," skysportspl how s bournemouth ahead of arsenal though   
the disrespect is really loud  i hope the apologies will be even louder ",0.1,0.8,positive,,,,
@Frozzybit ğŸ˜‚ ğŸ˜‚ ğŸ˜‚ Die hard Arsenal nio, frozzybit       die hard arsenal nio,-0.2916666666666667,0.5416666666666666,negative,,,,
"RT @friendofrussia: âš¡ğŸ‡·ğŸ‡º: â€œIn the #Voznesensk area of the Nikolaev region an arsenal that stored 45,000 tons of ammunition recently suppliedâ€¦",    in the  voznesensk area of the nikolaev region an arsenal that stored 45 000 tons of ammunition recently supplied ,0.0,0.25,neutral,0.0,1.0,0.0,0.0
RT @Arsenal: ğŸ«§ Cleaning up at the back ğŸ§¹ https://t.co/y36RnKywiE,   cleaning up at the back   https t co y36rnkywie,0.0,0.0,neutral,0.0,1.0,0.0,0.0
"RT @AFTVMedia: Tomiyasu played 45 minutes as the Arsenal U21s beat Man United 3-1 on Saturday. ğŸ”´

#AFC #Arsenal https://t.co/LkhUth7eSy"," tomiyasu played 45 minutes as the arsenal u21s beat man united 3 1 on saturday   

 afc  arsenal https t co lkhuth7esy",0.0,0.0,positive,,,,
@UPYOURARSENAL04 If it was @Arsenal, upyourarsenal04 if it was  arsenal,0.0,0.0,neutral,0.0,1.0,0.0,0.0
"Like how????arsenal to win league?
Efcc need to take action against this person cause na looted funds he waste so. https://t.co/7JvRomUSEV","like how arsenal to win league 
efcc need to take action against this person cause na looted funds he waste so  https t co 7jvromusev",0.2333333333333333,0.16666666666666666,positive,,,,
"@Undertaker25_ @Luis_9227 @JulioGomezSe @MariaFdaCabal El Dany, eso del PIB es un embeleco de los economistas, Rusiâ€¦ https://t.co/LIYEYWr0As", undertaker25   luis 9227  juliogomezse  mariafdacabal el dany  eso del pib es un embeleco de los economistas  rusi  https t co liyeywr0as,0.0,0.0,neutral,0.0,1.0,0.0,0.0
"RT @LetsTalk_FPL: Man City sign Haaland.
Liverpool sign Nunez.
Chelsea sign Sterling.
Arsenal sign Jesus.

Man United are in for Marco Arnaâ€¦"," man city sign haaland 
liverpool sign nunez 
chelsea sign sterling 
arsenal sign jesus 

man united are in for marco arna ",0.0,0.0,positive,,,,
"RT @Unibadan_efiwe: African Record âœ… Commonwealth Record âœ… World Record âœ…
I present to you all, Tobi Amusan 

Beauty Deji Burna #PremierLeaâ€¦"," african record   commonwealth record   world record  
i present to you all  tobi amusan 

beauty deji burna  premierlea ",0.0,0.0,positive,,,,
RT @JessinhoTweets: Arsenal is the only club where sending promising young talents on good loan can be framed as â€œletting other coaches doâ€¦, arsenal is the only club where sending promising young talents on good loan can be framed as  letting other coaches do ,0.175,0.575,positive,,,,
"@TNTSportsBR Duelo pesado mas Henry poh, o cara foi um dos Ã­dolos do seu paÃ­s na altura e foi protagonista da campaâ€¦ https://t.co/DbksBF9vSp", tntsportsbr duelo pesado mas henry poh  o cara foi um dos  dolos do seu pa s na altura e foi protagonista da campa  https t co dbksbf9vsp,0.0,0.0,neutral,0.0,1.0,0.0,0.0
@speed_xl_ @alhanrl @RLEsports @DignitasRL Bro arsenal was really good against kcp you are just really mad about thâ€¦ https://t.co/mBN6WB6dKs, speed xl   alhanrl  rlesports  dignitasrl bro arsenal was really good against kcp you are just really mad about th  https t co mbn6wb6dks,0.03749999999999998,0.8,negative,,,,
@Joyokamii @ArsenalRL why the sudden praise for arsenal?, joyokamii  arsenalrl why the sudden praise for arsenal ,0.0,0.5,positive,,,,
i love nicholas galitzine as much he loves arsenalğŸ’œ https://t.co/lC18s68AVz,i love nicholas galitzine as much he loves arsenal  https t co lc18s68avz,0.35,0.4,positive,,,,
RT @ILRUSSO1: ğŸ†•ğŸ”¥ğŸ”¥ğŸ”¥The Armed Forces of Russia destroyed an arsenal with 45 tons of NATO ammunition in the Mykolaiv region â€“ the Ministry ofâ€¦,  the armed forces of russia destroyed an arsenal with 45 tons of nato ammunition in the mykolaiv region   the ministry of ,0.0,0.0,negative,,,,
@YannickBolasie you love Arsenal, yannickbolasie you love arsenal,0.5,0.6,positive,,,,
"RT @VipArsenal: Fabrizio Romano on Arsenal:

""This club signed many players in June and July, now itâ€™s time to sell players. They still havâ€¦"," fabrizio romano on arsenal 

 this club signed many players in june and july  now it s time to sell players  they still hav ",0.5,0.5,neutral,0.0,1.0,0.0,0.0
"âœ…What is the Aim of Possession?

Analysis of Crystal Palace v Arsenal

- Why Arsenal couldnâ€™t get another one soon?â€¦ https://t.co/FNPt2XJTjn"," what is the aim of possession 

analysis of crystal palace v arsenal

  why arsenal couldn t get another one soon  https t co fnpt2xjtjn",0.0,0.0,neutral,0.0,1.0,0.0,0.0
Arsenal set 18-year Liverpool and Manchester City challenge as Mikel Arteta finds keyÂ edge https://t.co/V2gMJmqPP0,arsenal set 18 year liverpool and manchester city challenge as mikel arteta finds keyÂ edge https t co v2gmjmqpp0,0.0,1.0,positive,,,,
@TiotalFootball @OmVAsports How can he stan both Arsenal and Mark Noble?, tiotalfootball  omvasports how can he stan both arsenal and mark noble ,0.6,0.9,positive,,,,
"@ldjdidkb 1) City
2) Liverpool 
3) Spurs
4) Chelsea
5) Arsenal
6) Man Utd or someone elseâ€¦"," ldjdidkb 1  city
2  liverpool 
3  spurs
4  chelsea
5  arsenal
6  man utd or someone else ",0.0,0.0,neutral,0.0,1.0,0.0,0.0
"RT @FTalentScout: Nuno Tavares vs Stade Reims

1 goal
50 passes
82% pass accuracy
4 key passes
2 big chances created
3/5 successful dribbleâ€¦"," nuno tavares vs stade reims

1 goal
50 passes
82  pass accuracy
4 key passes
2 big chances created
3 5 successful dribble ",0.25,0.6833333333333332,positive,,,,
RT @KentGooner77: Martinez chose Utd over Arsenal https://t.co/3d2irdS4gz, martinez chose utd over arsenal https t co 3d2irds4gz,0.0,0.0,neutral,0.0,1.0,0.0,0.0
"Acho incrÃ­vel que toda vez que vou na casa do meu ex acaba ficando alto literalmente PERDIDO lÃ¡, elÃ¡stico de cabeloâ€¦ https://t.co/RmvA2ZzXvI",acho incr vel que toda vez que vou na casa do meu ex acaba ficando alto literalmente perdido l  el stico de cabelo  https t co rmva2zzxvi,0.0,0.0,neutral,0.0,1.0,0.0,0.0
"RT @Retro_Utd: Man City sign Haaland.
Liverpool sign Nunez.
Chelsea sign Sterling.
Arsenal sign Jesus.
Tottenham sign Richarlison. 

Meanwhâ€¦"," man city sign haaland 
liverpool sign nunez 
chelsea sign sterling 
arsenal sign jesus 
tottenham sign richarlison  

meanwh ",0.0,0.0,neutral,0.0,1.0,0.0,0.0
@jossykeyzz Na wa this combination is going to be a problem this season especially for the smaller teams like arsenâ€¦ https://t.co/nYM2Eo7CO5, jossykeyzz na wa this combination is going to be a problem this season especially for the smaller teams like arsen  https t co nym2eo7co5,0.0,0.75,negative,,,,
"RT @TheAFCnewsroom: ğŸ”´âšªï¸ Arsenal have appointed Karen Smart as chief operating officer.

The COO oversees the stadium &amp; all its facilities,â€¦","   arsenal have appointed karen smart as chief operating officer 

the coo oversees the stadium  amp  all its facilities ",0.21428571428571427,0.6428571428571429,positive,,,,
"RT @RamsNFL: Best of luck this season, @Arsenal! 

ğŸ—£ Coach McVay showing his support. https://t.co/XdtMCkTrAO"," best of luck this season   arsenal  

  coach mcvay showing his support  https t co xdtmcktrao",1.0,0.3,positive,,,,
"RT @debsankar1980: #football #soccer #ManchesterCity, #Chelsea, #Arsenal all starts in winning notes with Ronaldo failing to make #Manchestâ€¦",  football  soccer  manchestercity   chelsea   arsenal all starts in winning notes with ronaldo failing to make  manchest ,0.5,0.75,positive,,,,
RT @Morris_Monye: Arsenal to win league. https://t.co/SZWerwWExD, arsenal to win league  https t co szwerwwexd,0.8,0.4,positive,,,,
@Jermain___ @RL_Ciiss @Undah919 @ApparentlyJxck bro ssg won with arsenal sick af. You've gotta be trolling especialâ€¦ https://t.co/23Wr2WzU3D, jermain   rl ciiss  undah919  apparentlyjxck bro ssg won with arsenal sick af  you ve gotta be trolling especial  https t co 23wr2wzu3d,-0.7142857142857143,0.8571428571428571,positive,,,,
Oomf supports Arsenal https://t.co/4eyD9PyFJw,oomf supports arsenal https t co 4eyd9pyfjw,0.0,0.0,positive,,,,
Ligue 1 debut goals for both Arsenal loanees Nuno Tavares (O.M) and Florian Balogun(S.Reims).,ligue 1 debut goals for both arsenal loanees nuno tavares  o m  and florian balogun s reims ,0.0,0.0,neutral,0.0,1.0,0.0,0.0
"RT @HLTCO: Nuno Tavares, on loan at Marseille from Arsenal has scored on his debut in France. I couldnâ€™t help but warm to the lad when he wâ€¦", nuno tavares  on loan at marseille from arsenal has scored on his debut in france  i couldn t help but warm to the lad when he w ,0.6,0.6,positive,,,,
@TheSportSocial @jamesenglish0 ive been listening to your podcast for a while. i really like it but honestly iâ€™ve nâ€¦ https://t.co/zxTTArdeWr, thesportsocial  jamesenglish0 ive been listening to your podcast for a while  i really like it but honestly i ve n  https t co zxttardewr,0.4,0.55,positive,,,,
"RT @dalex_ut: My predictions (with this squad)
Brentford W
Liverpool L 
Southampton L
Leicester L
Arsenal L
Palace L
Leeds W
City L
Evertonâ€¦"," my predictions  with this squad 
brentford w
liverpool l 
southampton l
leicester l
arsenal l
palace l
leeds w
city l
everton ",0.0,0.0,neutral,0.0,1.0,0.0,0.0
"@OzilThings Arsenal fans? All fans do this, itâ€™s much worse with Utd fans too", ozilthings arsenal fans  all fans do this  it s much worse with utd fans too,-0.4,0.6,negative,,,,
Arsenal vs Leicester tickets is available mate dm and get yours now #arsenal #COYGâ€¦,arsenal vs leicester tickets is available mate dm and get yours now  arsenal  coyg ,0.4,0.4,neutral,0.0,1.0,0.0,0.0
My hottake on dual carding... it is unacceptable to be a card carrying member of 2 EPL clubs. Let's go Arsenal.,my hottake on dual carding  it is unacceptable to be a card carrying member of 2 epl clubs  let s go arsenal ,0.0,0.0,negative,,,,
"@aadamh04 @afcstuff @btsportfootball Them commentators defo hate Arsenal, hate mentioning us and if they do itâ€™s usually negative", aadamh04  afcstuff  btsportfootball them commentators defo hate arsenal  hate mentioning us and if they do it s usually negative,-0.6333333333333334,0.7333333333333334,negative,,,,
"@ChromeRL @ArsenalRL Bro, Arsenal is literally just different. Letâ€™s get him healthy again. He earned it.", chromerl  arsenalrl bro  arsenal is literally just different  let s get him healthy again  he earned it ,0.25,0.55,positive,,,,
"RT @Maps_Welsh: Arsenal boys are shining on loanğŸ”¥ğŸ˜­â¤ï¸âš½ï¸ğŸ’.we love it here in London. Nuno Tavares and Folarin Balogun they both scored!ğŸ«¢

Welâ€¦"," arsenal boys are shining on loan we love it here in london  nuno tavares and folarin balogun they both scored 

wel ",0.5,0.6,positive,,,,
@eserpva Mertens 11 Ã§Ä±kmaz Torreira Ã§Ä±kabilir o Arsenal ile Amerika kampÄ± yedi.Mertens son 10 dakika falan girebilir oda zor, eserpva mertens 11  kmaz torreira  kabilir o arsenal ile amerika kamp  yedi mertens son 10 dakika falan girebilir oda zor,0.0,0.0,neutral,0.0,1.0,0.0,0.0
"RT @AFTVMedia: Mikel Arteta claimed his 50th league win as Arsenal manager at Crystal Palace.

Only ArsÃ¨ne Wenger reached 50 league wins quâ€¦"," mikel arteta claimed his 50th league win as arsenal manager at crystal palace 

only ars ne wenger reached 50 league wins qu ",0.3666666666666667,0.5333333333333333,positive,,,,
RT @untrucdefoot: Dennis Bergkamp met un petit pont incroyable Ã  Alex Song Ã  l'Ã©chauffement avant un match de Ligue des Champions avec Arseâ€¦, dennis bergkamp met un petit pont incroyable   alex song   l chauffement avant un match de ligue des champions avec arse ,0.0,0.0,positive,,,,
"@momoalas93 Fear for this one, Arsenal going to be so scary", momoalas93 fear for this one  arsenal going to be so scary,-0.5,1.0,negative,,,,
arsenal with the flu game ğŸ˜³,arsenal with the flu game  ,-0.4,0.4,negative,,,,
@markgoldbridge Yes I remember when he beat Arsenal at emirates with Ã–stersund in Europa league, markgoldbridge yes i remember when he beat arsenal at emirates with  stersund in europa league,0.0,0.0,positive,,,,
"Arsenal vs Palace

1. Arsenal defensively solid - all 4 defenders look like great options ( Zinchenko mostly! )
2.â€¦ https://t.co/WYNvAoSqPt","arsenal vs palace

1  arsenal defensively solid   all 4 defenders look like great options   zinchenko mostly   
2  https t co wynvaosqpt",0.43333333333333335,0.45,positive,,,,
"RT @FutboliPolitica: ğŸ´ó §ó ¢ó ¥ó ®ó §ó ¿ ""Expulsen a los violadores de la cancha""

Asi decÃ­a la bandera que llevaba una avioneta que sobrevolÃ³ en el esâ€¦","    expulsen a los violadores de la cancha 

asi dec a la bandera que llevaba una avioneta que sobrevol  en el es ",0.0,0.0,neutral,0.0,1.0,0.0,0.0
@Robinstanford @gunnerpunner Is anyone saying the technology is to blame? ğŸ¤”, robinstanford  gunnerpunner is anyone saying the technology is to blame   ,0.0,0.0,negative,,,,
@RLEsports @Spacestation I love how Arsenal and Retals threw away their headsets while Daniel just gently put it back on the desk, rlesports  spacestation i love how arsenal and retals threw away their headsets while daniel just gently put it back on the desk,0.2333333333333333,0.4666666666666666,positive,,,,
RT @RomeGulere_: Que el Girona (reciÃ©n ascendido en EspaÃ±a) se llevara por 2 duros al lateral izquierdo titular del Arsenal (5Âº en Premierâ€¦, que el girona  reci n ascendido en espa a  se llevara por 2 duros al lateral izquierdo titular del arsenal  5  en premier ,0.1,0.1,neutral,0.0,1.0,0.0,0.0
RT @realbryhrndz: Folarin Balogun gets a goal. The Arsenal striker on loan could have a good season at Stade De Reims, folarin balogun gets a goal  the arsenal striker on loan could have a good season at stade de reims,0.7,0.6000000000000001,positive,,,,
"RT @premierleague: Arsenal start the season with a W

#CRYARS https://t.co/WYpVbP6wmC"," arsenal start the season with a w

 cryars https t co wypvbp6wmc",0.0,0.0,neutral,0.0,1.0,0.0,0.0
"@sportbible The handballs Palace v Arsenal, clear as day", sportbible the handballs palace v arsenal  clear as day,0.10000000000000002,0.3833333333333333,positive,,,,
RT @cadena7deportes: Augusto Lotti - Jugador de Atletico TucumÃ¡n luego de la derrota  ante Arsenal por 3 a 1 @ATOficial @TucumanLv7 https:/â€¦, augusto lotti   jugador de atletico tucum n luego de la derrota  ante arsenal por 3 a 1  atoficial  tucumanlv7 https ,0.0,0.0,neutral,0.0,1.0,0.0,0.0
"RT @dasilvaxluis: CuÃ­dense a la salida de Arsenal ğŸ™ğŸ¼ pidan su mÃ³vil desde adentro del local.
Hoy temprano a la salida nos asaltaron a una aâ€¦"," cu dense a la salida de arsenal   pidan su m vil desde adentro del local 
hoy temprano a la salida nos asaltaron a una a ",0.0,0.0,neutral,0.0,1.0,0.0,0.0
"RT @_MikelMagic: @Lunge_10 Clowns in the guise of Arsenal fans don't rate him,they are best ignored because they know nothing. Arteta hatinâ€¦",  lunge 10 clowns in the guise of arsenal fans don t rate him they are best ignored because they know nothing  arteta hatin ,1.0,0.3,positive,,,,
RT @ArsenalN7: Arsenal Football Club are back ğŸ¤â¤ï¸ https://t.co/3awk9myrQh, arsenal football club are back   https t co 3awk9myrqh,0.0,0.0,neutral,0.0,1.0,0.0,0.0
"RT @UPYOURARSENAL04: Tielemans don't belong in the Leicester team.

Bring him to ArsenalğŸ¤ https://t.co/q9L27U0TXM"," tielemans don t belong in the leicester team 

bring him to arsenal  https t co q9l27u0txm",0.0,0.0,neutral,0.0,1.0,0.0,0.0
@ClockEndJodie @gabrieljesus9 @Arsenal Ofegaard didn't perform to expectation in our last game; I hope he step up against Leicester., clockendjodie  gabrieljesus9  arsenal ofegaard didn t perform to expectation in our last game  i hope he step up against leicester ,-0.2,0.23333333333333334,positive,,,,
"""Fue destruido un arsenal en la localidad de Voznesensk de la regiÃ³n de MikolÃ¡iv, que almacenaba 45.000 toneladas dâ€¦ https://t.co/XlniedBxRk", fue destruido un arsenal en la localidad de voznesensk de la regi n de mikol iv  que almacenaba 45 000 toneladas d  https t co xlniedbxrk,0.0,0.0,neutral,0.0,1.0,0.0,0.0
RT @widthemid: Arsenal vs KCP https://t.co/ZVnPf1Ig9c, arsenal vs kcp https t co zvnpf1ig9c,0.0,0.0,neutral,0.0,1.0,0.0,0.0
"RT @ArsenalN7: ğŸ‡«ğŸ‡· William Saliba appreciation tweet. The powerful and athletic 6â€™4â€ Frenchman is absolutely sensational, he is imperious atâ€¦",   william saliba appreciation tweet  the powerful and athletic 6 4  frenchman is absolutely sensational  he is imperious at ,0.4833333333333333,0.8333333333333333,positive,,,,
RT @YannickBolasie: Marseille a good home for some of these Arsenal young Gâ€™sâ€¦Tavares just scored a banger ğŸ¤§ğŸ”¥, marseille a good home for some of these arsenal young g s tavares just scored a banger  ,0.39999999999999997,0.5,positive,,,,
@C1araC1ayton @10_combs @RemyCRH the weapons are plenty. My ex had an arsenal where she stored every compliant sheâ€¦ https://t.co/9V5qmrUiWF, c1arac1ayton  10 combs  remycrh the weapons are plenty  my ex had an arsenal where she stored every compliant she  https t co 9v5qmruiwf,0.0,0.0,negative,,,,
RT @afcstuff: ğŸš¨ @David_Ornstein: â€œYouri Tielemans is a player Arsenal like. Leicester City would sell with only a year to go on his contracâ€¦,    david ornstein   youri tielemans is a player arsenal like  leicester city would sell with only a year to go on his contrac ,0.0,1.0,positive,,,,
RT @bhavss14: United fans spent all summer praying for an Arsenal opening day collapse only for their own team to get smashed by Brighton.â€¦, united fans spent all summer praying for an arsenal opening day collapse only for their own team to get smashed by brighton ,0.16666666666666666,0.7000000000000001,positive,,,,
@NunoTavares Iâ€™m proud of you bro continue to do well at Marseille then come back to Arsenal and prove what you gotğŸ’ªğŸ½, nunotavares i m proud of you bro continue to do well at marseille then come back to arsenal and prove what you got ,0.4,0.5,positive,,,,
ãƒãƒˆã¨ã‹ã‚°ãƒ¼ãƒŠãƒ¼ã¿ã‚“ãªãŒå¾…ã¡æœ›ã‚“ã§ã‚‹ã‚„ã‚ã€ç‹™ã£ã¦ã‚‹ãªã‚‰ã‚¬ãƒã§å–ã£ã¦ã»ã—ã„, ,0.0,0.0,neutral,0.0,0.0,0.0,0.0
"#zonauang
Wah gak kerasa nih liga Inggris udah pada mulai ya, emyu city Arsenal, hospur atau Arsenal apakah tim laiâ€¦ https://t.co/nqIbdJ7mJn"," zonauang
wah gak kerasa nih liga inggris udah pada mulai ya  emyu city arsenal  hospur atau arsenal apakah tim lai  https t co nqibdj7mjn",0.0,0.0,neutral,0.0,1.0,0.0,0.0
"RT @iDanDizzy: Manchester United fans need to  accept that theyâ€™re a mid table team now so that they can grow and improve, you guys shouldâ€¦", manchester united fans need to  accept that they re a mid table team now so that they can grow and improve  you guys should ,0.0,0.0,positive,,,,
"RT @DaDesigns86: ğŸš¨NEW DESIGNğŸš¨

William Saliba 

We have a gem on our hands I have no doubt he will be one of the best

RTs appreciated 

@Aâ€¦","  new design 

william saliba 

we have a gem on our hands i have no doubt he will be one of the best

rts appreciated 

 a ",0.4454545454545454,0.28484848484848485,positive,,,,
RT @4TheArsenal_: Only Pep &amp; Klopp have won more games in the premier league than Arteta since the Arsenal boss took over ğŸ“ˆ https://t.co/pHâ€¦, only pep  amp  klopp have won more games in the premier league than arteta since the arsenal boss took over   https t co ph ,0.25,0.75,positive,,,,
Arsenal needs a shoe deal w Nike after that series fr,arsenal needs a shoe deal w nike after that series fr,0.0,0.0,neutral,0.0,1.0,0.0,0.0
"Evin oÄŸlu Mesut, Arsenal'den yÄ±llÄ±k yaklaÅŸÄ±k 15 m euro alÄ±rken fbde 4 m euroya oynadÄ±ÄŸÄ±na inanmÄ±ÅŸ bir zekanÄ±n dÃ¼ÅŸÃ¼nâ€¦ https://t.co/O1M6HoKcaZ",evin o lu mesut  arsenal den y ll k yakla k 15 m euro al rken fbde 4 m euroya oynad na inanm  bir zekan n d n  https t co o1m6hokcaz,0.0,0.0,neutral,0.0,1.0,0.0,0.0
#arsenal â¤ï¸ https://t.co/WgIHWtu1Dh, arsenal   https t co wgihwtu1dh,0.0,0.0,neutral,0.0,1.0,0.0,0.0
"No, itâ€™s the one who performs better out of Zinchenko and Tierney. Why do Arsenal fans always do up think pieces liâ€¦ https://t.co/vmnp2vtggA",no  it s the one who performs better out of zinchenko and tierney  why do arsenal fans always do up think pieces li  https t co vmnp2vtgga,0.5,0.5,positive,,,,
"RT @Blue_Footy: Rio Ferdinand looked at this United team and said they will finish ahead of Chelsea and even Arsenal. We have receipts, @riâ€¦", rio ferdinand looked at this united team and said they will finish ahead of chelsea and even arsenal  we have receipts   ri ,0.0,0.0,positive,,,,
"@ClaireSilver12 @AlejandraHer18 @Shawncola123 However, now it's time to diversify your skill sets outside of renderâ€¦ https://t.co/0lCXnnOdHA", clairesilver12  alejandraher18  shawncola123 however  now it s time to diversify your skill sets outside of render  https t co 0lcxnnodha,0.0,0.05,neutral,0.0,1.0,0.0,0.0
"RT @CerberusSenn: his magic is called â€œancestral arsenalâ€
he can swap between 7 different weapons with their own buffs (like byleth kinda)â€¦"," his magic is called  ancestral arsenal 
he can swap between 7 different weapons with their own buffs  like byleth kinda ",0.3666666666666667,0.8666666666666667,negative,,,,
RT @yannoujr10: On relance tout vos joueur prÃªtez nous Pepe svp @Arsenal, on relance tout vos joueur pr tez nous pepe svp  arsenal,0.0,0.0,negative,,,,
Glad @Nigerianscamsss stopped bullying my guy @Deen8. ğŸ˜¤ Shout out the @theplantainshowâ€™s new #Arsenal special episoâ€¦ https://t.co/LwroL61dOr,glad  nigerianscamsss stopped bullying my guy  deen8    shout out the  theplantainshow s new  arsenal special episo  https t co lwrol61dor,0.33116883116883117,0.6753246753246754,negative,,,,
@ChromeRL arsenal insta left irl, chromerl arsenal insta left irl,0.0,0.0,neutral,0.0,1.0,0.0,0.0
"RT @volleys_headers: Arsenal 2004/2005 - Henry 14

ğŸ”´âšª

#arsenal #thierryhenry https://t.co/2sWEzfl84O"," arsenal 2004 2005   henry 14

 

 arsenal  thierryhenry https t co 2swezfl84o",0.0,0.0,neutral,0.0,1.0,0.0,0.0
"@RadioFCB Bueno, nos podemos ilusionar pero no confiar. No veas Auba q bueno es el carbÃ³n. Y decÃ­an q era suplente del Arsenal mae mÃ­a", radiofcb bueno  nos podemos ilusionar pero no confiar  no veas auba q bueno es el carb n  y dec an q era suplente del arsenal mae m a,0.0,0.0,negative,,,,
"19 Yr old , British expat Jansherâ€™s teen cancer Journey in Newyork! Arsenal Fan 4ever#TikTokâ€¦ https://t.co/TQJ2wBJkVI",19 yr old   british expat jansher s teen cancer journey in newyork  arsenal fan 4ever tiktok  https t co tqj2wbjkvi,0.03333333333333333,0.06666666666666667,negative,,,,
"ä»Šæœã®ã‚¢ãƒ¼ã‚»ãƒŠãƒ«ã€‚
å…¨ç„¶å®‡å®™é–‹ç™ºã—ãªã„ã‚¿ãƒ´ã‚¡ãƒ¬ã‚¹ã€‚

é€†è¶³ã§ãªã‚“ã¤ãƒ¼ã®æ±ºã‚ã‚‹ã‚“ã ã€‚ãƒŠã‚¤ã‚¹ã‚´ãƒ¼ãƒ«ã€‚

#Arsenal #AFC #COYG #ã‚¢ãƒ¼ã‚»ãƒŠãƒ« https://t.co/WHQAloKBQk"," 
 

 

 arsenal  afc  coyg   https t co whqalokbqk",0.0,0.0,neutral,0.0,1.0,0.0,0.0
"RT @btsportfootball: Nuno Tavares has scored on his Ligue 1 debut for Marseille âš½ï¸

It's a superb strike from the Arsenal loanee ğŸ’¥ https://â€¦"," nuno tavares has scored on his ligue 1 debut for marseille  

it s a superb strike from the arsenal loanee   https ",1.0,1.0,positive,,,,
@frabigol Despues de hacerle un gol a Arsenal para poner el 1-6*, frabigol despues de hacerle un gol a arsenal para poner el 1 6 ,0.0,0.0,neutral,0.0,1.0,0.0,0.0
@therealbelano Arsenal people...smh, therealbelano arsenal people smh,0.0,0.0,negative,,,,
RT @TheAFCnewsroom: Wolves winger Pedro Neto could join Arsenal if boss Bruno Lage lands Goncalo Guedes. [@DExpress_Sport]., wolves winger pedro neto could join arsenal if boss bruno lage lands goncalo guedes   dexpress sport ,0.0,0.0,positive,,,,
OF COURSE ARSENAL ENDS THE SERIES WITH A BANGER LFG,of course arsenal ends the series with a banger lfg,0.0,0.0,neutral,0.0,1.0,0.0,0.0
RT @VipArsenal: Roy Keane has actually said before season with both 'head and heart' that Manchester United will finish above Arsenal and tâ€¦, roy keane has actually said before season with both  head and heart  that manchester united will finish above arsenal and t ,0.0,0.1,positive,,,,
@RamsNFL @Arsenal Let's go for 2 in a row ğŸğŸğŸğŸ, ramsnfl  arsenal let s go for 2 in a row  ,0.0,0.0,neutral,0.0,1.0,0.0,0.0
RT @GoonerViews: Hard to believe this was his Premier League debut and heâ€™s 21 https://t.co/5dT5pchpG3, hard to believe this was his premier league debut and he s 21 https t co 5dt5pchpg3,-0.2916666666666667,0.5416666666666666,negative,,,,
RT @UtdDistrict: Official #mufc U21s side to face Arsenal U21s this afternoon: https://t.co/lpusbDwN5d, official  mufc u21s side to face arsenal u21s this afternoon  https t co lpusbdwn5d,0.0,0.0,neutral,0.0,1.0,0.0,0.0
"RT @PatrickTimmons1: Ten years ago today, Arsenal signed one of the most beloved players in our recent history. The one and only Santi Cazoâ€¦", ten years ago today  arsenal signed one of the most beloved players in our recent history  the one and only santi cazo ,0.24,0.55,positive,,,,
"RT @theabdulhadi: Beres saur buka IG ada kaya gini. 

Ceritanya gue diteror nih? Gemes. Segala ditanya kenapa tau bgt daleman skuat MU pdahâ€¦"," beres saur buka ig ada kaya gini  

ceritanya gue diteror nih  gemes  segala ditanya kenapa tau bgt daleman skuat mu pdah ",0.0,0.0,neutral,0.0,1.0,0.0,0.0
RT @VipArsenal: Arsenal are not interested in GonÃ§alo Guedes and have never been in the race for him. [Fabrizio Romano], arsenal are not interested in gon alo guedes and have never been in the race for him   fabrizio romano ,-0.125,0.5,negative,,,,
RT @Abdalaye91: On veut dâ€™autres chÃ¨vres dâ€™Arsenal !, on veut d autres ch vres d arsenal  ,0.0,0.0,neutral,0.0,1.0,0.0,0.0
RT @TheFalseNein: Well done you got an L and an Arsenal 3 points and clean sheet instead, well done you got an l and an arsenal 3 points and clean sheet instead,0.3666666666666667,0.7000000000000001,positive,,,,
"RT @Fiorenzo_Pazzo: @itsislom @killgaspar That's how bad the english league is... Saliba bad at Arsenal, played at OM and became the best Aâ€¦",  itsislom  killgaspar that s how bad the english league is  saliba bad at arsenal  played at om and became the best a ,-0.09999999999999992,0.4083333333333333,negative,,,,
"Kieran Tierney performs Celtic chant alongside Rob Holding
https://t.co/DPKsjdWbpV","kieran tierney performs celtic chant alongside rob holding
https t co dpksjdwbpv",0.0,0.0,negative,,,,
@AbangDinhoFCB @Bolanalytics Zaman spurs dgn arsenal bodo. Liverpool 3cb dgn fabinho hendo injured dan Chelsea lampâ€¦ https://t.co/Q6muhPS0Mz, abangdinhofcb  bolanalytics zaman spurs dgn arsenal bodo  liverpool 3cb dgn fabinho hendo injured dan chelsea lamp  https t co q6muhps0mz,0.0,0.0,negative,,,,
"The Russian Ministry of Defence said it had destroyed 45,000 tons of ammunition from NATO countries.  
  
Accordingâ€¦ https://t.co/EX157B87kv","the russian ministry of defence said it had destroyed 45 000 tons of ammunition from nato countries   
  
according  https t co ex157b87kv",0.0,0.0,negative,,,,
@RajaaAdr Khask tjrji f dakchi l9dim d arsenal mout dyal da7k, rajaaadr khask tjrji f dakchi l9dim d arsenal mout dyal da7k,0.0,0.0,neutral,0.0,1.0,0.0,0.0
"@JohnnyBoi_i When the moist players get the flu game, the master plan will be complete. (Actually tho I really hopeâ€¦ https://t.co/iq6V4Fs3Ja", johnnyboi i when the moist players get the flu game  the master plan will be complete   actually tho i really hope  https t co iq6v4fs3ja,-0.02500000000000001,0.275,positive,,,,
@fancygotthis @Niftyni22 @UTDTrey @Arsenal I laugh in Spanish buh u said you guys have the messiah guy I know you sâ€¦ https://t.co/DIeusWNhju, fancygotthis  niftyni22  utdtrey  arsenal i laugh in spanish buh u said you guys have the messiah guy i know you s  https t co dieuswnhju,0.15,0.05,positive,,,,
"FIFA 23 Top 100 And Top 10 Ratings Leak Reveal Chelsea, Manchester United, Arsenal, Barcelona, Real Madrid, Liverpoâ€¦ https://t.co/II4aki9W0Y",fifa 23 top 100 and top 10 ratings leak reveal chelsea  manchester united  arsenal  barcelona  real madrid  liverpo  https t co ii4aki9w0y,0.39999999999999997,0.43333333333333335,positive,,,,
"RT @afcDW: Arsenal's current squad situation: We need to sell/loan 2 players minimum (not including Torreira).

Add 1 more sale for every sâ€¦"," arsenal s current squad situation  we need to sell loan 2 players minimum  not including torreira 

add 1 more sale for every s ",0.25,0.45,neutral,0.0,1.0,0.0,0.0
"RT @saltimes: Neat and Classy.

#Arsenal https://t.co/h8I4FK58hg"," neat and classy 

 arsenal https t co h8i4fk58hg",0.1,0.9,positive,,,,
"@dw_russian Pero como se puede pensar tan ligero, el arsenal Ruso sÃ³lo se a consumido un 4% y si solicitaron dronesâ€¦ https://t.co/IM4LpKA2Y7", dw russian pero como se puede pensar tan ligero  el arsenal ruso s lo se a consumido un 4  y si solicitaron drones  https t co im4lpka2y7,0.0,0.0,neutral,0.0,1.0,0.0,0.0
RT @Ali93p1: Le coup-franc de Ronaldo en demi finale face Ã  Arsenal câ€™est trÃ¨s grave la distance https://t.co/kVkETfwSTM, le coup franc de ronaldo en demi finale face   arsenal c est tr s grave la distance https t co kvketfwstm,0.0,0.0,negative,,,,
"Graham Potter at Arsenal will be a massive HIT, no doubt.",graham potter at arsenal will be a massive hit  no doubt ,0.0,1.0,negative,,,,
A 3-0 win next week vs Everton &amp; then all of a sudden these SG doubters/out brigade will change there tune again. 1â€¦ https://t.co/xticjS8HwC,a 3 0 win next week vs everton  amp  then all of a sudden these sg doubters out brigade will change there tune again  1  https t co xticjs8hwc,0.26666666666666666,0.3,positive,,,,
Leno Lucas Hector all gone! Expect some movement from arsenal soon,leno lucas hector all gone  expect some movement from arsenal soon,0.0,0.0,neutral,0.0,1.0,0.0,0.0
Still a heck of a job by DeGrom. Good to have him back in my fantasy baseball arsenal ğŸ˜,still a heck of a job by degrom  good to have him back in my fantasy baseball arsenal  ,0.35,0.30000000000000004,positive,,,,
@imschewpid LISTENNN I was tryna one up this bitch!! Gotta use the entire arsenal!, imschewpid listennn i was tryna one up this bitch  gotta use the entire arsenal ,0.0,0.625,negative,,,,
"@37gunner Yeah exactly..tbh I only really care what happens at Arsenal lol
United could learn a thing or two from hâ€¦ https://t.co/v1691nVZ16"," 37gunner yeah exactly tbh i only really care what happens at arsenal lol
united could learn a thing or two from h  https t co v1691nvz16",0.3125,0.5375,positive,,,,
RT @PresseMondial: 1)MinistÃ¨re de la DÃ©fense de la FÃ©dÃ©ration de Russie: un entrepÃ´t des forces armÃ©es de lâ€™Ukraine avec 45 000 tonnes de mâ€¦, 1 minist re de la d fense de la f d ration de russie  un entrep t des forces arm es de l ukraine avec 45 000 tonnes de m ,0.0,0.0,neutral,0.0,1.0,0.0,0.0
RT @niallmoran_: Barcaâ€™s academy player of the week is destined for Arsenal football club https://t.co/15mJRDGuGr, barca s academy player of the week is destined for arsenal football club https t co 15mjrdgugr,0.0,0.0,neutral,0.0,1.0,0.0,0.0
RT @_gyesi: Arsenal fans letâ€™s follow each other comment your handles and follow anyone that likes it. Rt for others to join., arsenal fans let s follow each other comment your handles and follow anyone that likes it  rt for others to join ,-0.125,0.375,positive,,,,
"RT @Arsenalnewschan: ğŸ—£ Gabriel Martinelli on what can #Arsenal achieve this season: ""We go game by game. Trying to win all of them. That'sâ€¦",   gabriel martinelli on what can  arsenal achieve this season   we go game by game  trying to win all of them  that s ,0.0,0.4000000000000001,positive,,,,
"@RLEsports @Spacestation ngl without the context, arsenal just throwing his headset and walking off stage woulda been tuff as hell", rlesports  spacestation ngl without the context  arsenal just throwing his headset and walking off stage woulda been tuff as hell,0.0,0.0,negative,,,,
"RT @afcstuff: Folarin Balogun scoring on his Reims debut after coming off the bench tonight. However, it was merely a consolation goal in tâ€¦", folarin balogun scoring on his reims debut after coming off the bench tonight  however  it was merely a consolation goal in t ,-0.5,0.5,neutral,0.0,1.0,0.0,0.0
"RT @now_arsenaI: It feels like slowly Arsenal are closing the gap between themselves and the top teams in the leagueâ€¦

Slowly but surely weâ€¦"," it feels like slowly arsenal are closing the gap between themselves and the top teams in the league 

slowly but surely we ",0.09999999999999998,0.5472222222222222,positive,,,,
@RLEsports @Spacestation Arsenal running away ğŸ˜­ğŸ˜­ğŸ«¶ğŸ»ğŸ«¶ğŸ» but what a goat to see, rlesports  spacestation arsenal running away   but what a goat to see,0.0,0.0,neutral,0.0,1.0,0.0,0.0
"@AuthorJFuller Kind of along the same lines, I would love to try Deiselpunk Fantasy (Mad Max is a good example of Dâ€¦ https://t.co/3fudeErW0d", authorjfuller kind of along the same lines  i would love to try deiselpunk fantasy  mad max is a good example of d  https t co 3fudeerw0d,0.23500000000000001,0.645,positive,,,,
[READY STOCK] KAOS ARSENAL GOLD | SIZE M-XL | HARGA 80K | HUB 085726803784 https://t.co/yNyMQ9BQY3, ready stock  kaos arsenal gold   size m xl   harga 80k   hub 085726803784 https t co ynymq9bqy3,0.2,0.5,positive,,,,
"RT @afcstuff: Most Premier League wins since Mikel Artetaâ€™s first Arsenal match as manager in December 2019:

70 Pep Guardiola ğŸ‡ªğŸ‡¸
64 Jurgenâ€¦"," most premier league wins since mikel arteta s first arsenal match as manager in december 2019 

70 pep guardiola  
64 jurgen ",0.35000000000000003,0.3444444444444444,positive,,,,
RT @LicMacoco: Lo primero que tiene que hacer la nueva dirigencia de Independiente es eliminar este uniforme inviable sÃ­mil Arsenal y volveâ€¦, lo primero que tiene que hacer la nueva dirigencia de independiente es eliminar este uniforme inviable s mil arsenal y volve ,0.0,0.0,neutral,0.0,1.0,0.0,0.0
@ic3ebe Heâ€™s gonna lie down for Arsenal next week kmt, ic3ebe he s gonna lie down for arsenal next week kmt,-0.07777777777777779,0.14444444444444446,neutral,0.0,1.0,0.0,0.0
RT @AlexTaylorAFC: ğŸğŸğŸhttps://t.co/VyevU8AHhF,  https t co vyevu8ahhf,0.0,0.0,neutral,0.0,1.0,0.0,0.0
@lcfcmatt Average arsenal enjoyer, lcfcmatt average arsenal enjoyer,-0.15,0.39999999999999997,positive,,,,
@DEENtheGOAT @TheAnfieldTalk @LFC City sold 2 players to Arsenal and 1 to Chelsea. You dont know before you try. Doâ€¦ https://t.co/X0ToGcvPaM, deenthegoat  theanfieldtalk  lfc city sold 2 players to arsenal and 1 to chelsea  you dont know before you try  do  https t co x0togcvpam,0.0,0.0,neutral,0.0,1.0,0.0,0.0
@KevMCFC_ MÃªme a arsenal, kevmcfc  m me a arsenal,0.0,0.0,neutral,0.0,1.0,0.0,0.0
@Spacestation @ArsenalRL Arsenal looks like ok wasn't he illness ? ğŸ¤” or maybe excuse, spacestation  arsenalrl arsenal looks like ok wasn t he illness     or maybe excuse,0.225,0.275,positive,,,,
RT @TheArsenalGuns: Arsenal loanee Balogun scores on his debut for Reims away at Marseille in the French league https://t.co/BElfuZunOa, arsenal loanee balogun scores on his debut for reims away at marseille in the french league https t co belfuzunoa,0.0,0.0,neutral,0.0,1.0,0.0,0.0
@angel_timsy En the ones dating arsenal funsğŸ¤”ğŸ¤”ğŸ¤”, angel timsy en the ones dating arsenal funs ,0.0,0.0,neutral,0.0,1.0,0.0,0.0
RT @afc_ferry: This guys already an Arsenal cult hero by hyping up a guy none of have seen. I rate it, this guys already an arsenal cult hero by hyping up a guy none of have seen  i rate it,0.0,0.0,positive,,,,
@StephaneCattin @OM_Officiel @NunoTavares Oui et quand bien mÃªme arsenal ne veut pas le garder yaura des autres cluâ€¦ https://t.co/hzXBY6ht60, stephanecattin  om officiel  nunotavares oui et quand bien m me arsenal ne veut pas le garder yaura des autres clu  https t co hzxby6ht60,0.0,0.0,neutral,0.0,1.0,0.0,0.0
"RT @GoonerWorks: Flo Balogun and Nuno Tavares both score against each other in their debut. #Arsenal loanees off to a good start. ğŸ”´âšªï¸ğŸ”¥
httpâ€¦"," flo balogun and nuno tavares both score against each other in their debut   arsenal loanees off to a good start   
http ",0.2875,0.48750000000000004,positive,,,,
"'See you soon!' ğŸ‘€

#AFC

https://t.co/Nv36DkfiPX"," see you soon   

 afc

https t co nv36dkfipx",0.0,0.0,neutral,0.0,1.0,0.0,0.0
"RT @SeanMacMUFC: Haaland for city, Nunez for Liverpool, Sterling for Chelsea, Jesus for Arsenal and we bid for Arnautovic..... the club areâ€¦", haaland for city  nunez for liverpool  sterling for chelsea  jesus for arsenal and we bid for arnautovic  the club are ,0.0,0.0,neutral,0.0,1.0,0.0,0.0
"RT @sneharants: yes you're right, that is arsenal in the bottom left https://t.co/p4Y1Vikd27", yes you re right  that is arsenal in the bottom left https t co p4y1vikd27,0.14285714285714285,0.26785714285714285,positive,,,,
@Spacestation Seeing Arsenal running off stage to throw up is sad hopefully he can recover soon ğŸ™, spacestation seeing arsenal running off stage to throw up is sad hopefully he can recover soon  ,-0.5,1.0,negative,,,,
"RT @AFCTalk0: Itâ€™s been a long journey, but finally William Saliba is the heart of Arsenalâ€™s defence! ğŸª¨ #afc https://t.co/8FOm5HLCUy", it s been a long journey  but finally william saliba is the heart of arsenal s defence     afc https t co 8fom5hlcuy,-0.025,0.7,positive,,,,
Arsenal Till I Die,arsenal till i die,0.0,0.0,negative,,,,
"RT @copaalemdacopa: â€œExpulsem os estupradores do futebolâ€: faixa exibida por um aviÃ£o que sobrevoou o jogo entre Crystal Palace e Arsenal,â€¦",  expulsem os estupradores do futebol  faixa exibida por um avi o que sobrevoou o jogo entre crystal palace e arsenal ,0.0,0.0,neutral,0.0,1.0,0.0,0.0
"Si queremos pelear el torneo, hay que ganar los tres partidos que nos quedan de acÃ¡ al superclÃ¡sico. River ya no tiâ€¦ https://t.co/pneB1WVkBc",si queremos pelear el torneo  hay que ganar los tres partidos que nos quedan de ac  al supercl sico  river ya no ti  https t co pneb1wvkbc,0.0,0.0,negative,,,,
"RT @FootyHumour: Man City sign Haaland.
Liverpool sign Nunez.
Chelsea sign Sterling.
Arsenal sign Jesus.

Man United are in for 33-year-oldâ€¦"," man city sign haaland 
liverpool sign nunez 
chelsea sign sterling 
arsenal sign jesus 

man united are in for 33 year old ",0.1,0.2,positive,,,,
All Or Nothing Arsenal ist der Hammer,all or nothing arsenal ist der hammer,0.0,0.0,neutral,0.0,1.0,0.0,0.0
@clevercat123 @BradleyCarlvin1 She's better than arsenal, clevercat123  bradleycarlvin1 she s better than arsenal,0.5,0.5,positive,,,,
RT @aimedushime3: ğŸš¨ @David_Ornstein: â€œYouri Tielemans is a player Arsenal like. Leicester City would sell with only a year to go on his conâ€¦,    david ornstein   youri tielemans is a player arsenal like  leicester city would sell with only a year to go on his con ,0.0,1.0,positive,,,,
"RT @ESPNDeportes: Â¡Arrancan con el pie derecho! âœ… 

El Arsenal derrota a domicilio al Crystal Palace en el arranque de la Premier League. hâ€¦","  arrancan con el pie derecho    

el arsenal derrota a domicilio al crystal palace en el arranque de la premier league  h ",0.0,0.0,neutral,0.0,1.0,0.0,0.0
@HarshG00ner @UTD_Rick @Andrew872523 @burhan_7ali @footballdaily @GNev2 Youre having to do all or nothing for Â£10mâ€¦ https://t.co/wmwx68G9f3, harshg00ner  utd rick  andrew872523  burhan 7ali  footballdaily  gnev2 youre having to do all or nothing for  10m  https t co wmwx68g9f3,0.0,0.0,neutral,0.0,1.0,0.0,0.0
@frabigol Al arsenal de Inglaterra en la final de clubes, frabigol al arsenal de inglaterra en la final de clubes,0.0,1.0,neutral,0.0,1.0,0.0,0.0
Best win Super Bowl again.. Arsenal need those funds ğŸ˜‚ https://t.co/jQKvo8ZSBl,best win super bowl again  arsenal need those funds   https t co jqkvo8zsbl,0.7111111111111111,0.45555555555555555,positive,,,,
"RT @GustavoCima_: QuÃ© penal no le dan a AtlÃ©tico TucumÃ¡n en la cancha de Arsenal a los 44â€™ ST.
Era la posibilidad del empate para el equipoâ€¦"," qu  penal no le dan a atl tico tucum n en la cancha de arsenal a los 44  st 
era la posibilidad del empate para el equipo ",0.0,0.0,negative,,,,
"RT @90sSophie: Chelsea, Arsenal, Manchester City, Tottenham all won their first PL game. 

Retweet if you see your club here. ğŸ¤ğŸ˜ğŸ’™"," chelsea  arsenal  manchester city  tottenham all won their first pl game  

retweet if you see your club here   ",-0.07500000000000001,0.3666666666666667,positive,,,,
@hughwizzy They are in need of cash. We need to go there and bid 65 mil. He once told heâ€™d like to play for Arsenal so he might accept us., hughwizzy they are in need of cash  we need to go there and bid 65 mil  he once told he d like to play for arsenal so he might accept us ,0.0,0.0,positive,,,,
@LiquipediaRL @Spacestation @ArsenalRL @DanielRL__ @Retals @ChromeRL @RLEsports To be fair if Arsenal wasnâ€™t feelinâ€¦ https://t.co/4QbkposuKi, liquipediarl  spacestation  arsenalrl  danielrl   retals  chromerl  rlesports to be fair if arsenal wasn t feelin  https t co 4qbkposuki,0.7,0.9,positive,,,,
@robertrea @dommie_nic @AdamNewson Fans donâ€™t allow or decide anything. Itâ€™s the manager. Pointing out Tuchel has bâ€¦ https://t.co/RNypskxp3r, robertrea  dommie nic  adamnewson fans don t allow or decide anything  it s the manager  pointing out tuchel has b  https t co rnypskxp3r,0.0,0.0,positive,,,,
Video â€“ David Ornstein gives his opinion on Arsenalâ€™s mystery winger and Youri Tielemans #OneArsenal #GoonerFamilyâ€¦ https://t.co/B0mgRdolW1,video   david ornstein gives his opinion on arsenal s mystery winger and youri tielemans  onearsenal  goonerfamily  https t co b0mgrdolw1,0.0,0.0,neutral,0.0,1.0,0.0,0.0
"RT @ejschiavi: Londres a pleno porque ganaron #ChelseaFC #Tottenham y #Arsenal en el estreno de la #PremierLeague
AdemÃ¡s, #FulhamFC lo hizoâ€¦"," londres a pleno porque ganaron  chelseafc  tottenham y  arsenal en el estreno de la  premierleague
adem s   fulhamfc lo hizo ",0.0,0.0,neutral,0.0,1.0,0.0,0.0
Fichadlo antes que los perros franceses @Arsenal https://t.co/dYkbahNsNO,fichadlo antes que los perros franceses  arsenal https t co dykbahnsno,0.0,0.0,neutral,0.0,1.0,0.0,0.0
@RafaeLeao7 @NunoTavares Arsenal inbound my boi we need you, rafaeleao7  nunotavares arsenal inbound my boi we need you,0.0,0.0,neutral,0.0,1.0,0.0,0.0
"RT @ManUtdMEN: Manchester United fans troll Arsenal with X-rated Lisandro Martinez chant.

#MUFC
https://t.co/7TlxyQ0Fan"," manchester united fans troll arsenal with x rated lisandro martinez chant 

 mufc
https t co 7tlxyq0fan",0.0,0.0,positive,,,,
RT @Arsenal: Enjoy last night? ğŸ˜ https://t.co/VxSWF53y3m, enjoy last night    https t co vxswf53y3m,0.2,0.2833333333333333,positive,,,,
RT @sinamapongolle4: @0hhhtd @canalplus @CanalSportsClub @RMCsport @Arsenal_FRA @ArsenalFansFR @FrenchAFC Ce sera le Arsenal vs Leicester qâ€¦,  0hhhtd  canalplus  canalsportsclub  rmcsport  arsenal fra  arsenalfansfr  frenchafc ce sera le arsenal vs leicester q ,0.0,0.0,neutral,0.0,1.0,0.0,0.0
@OM_Officiel @NunoTavares Malheureusement c est pas le notre c est celui d arsenal Ã§a sent gros la dÃ©ception en fin de saison comme saliba, om officiel  nunotavares malheureusement c est pas le notre c est celui d arsenal  a sent gros la d ception en fin de saison comme saliba,0.0,0.0,neutral,0.0,1.0,0.0,0.0
"RT @SenimanArsenal: Beruntung banget Arsenal dapatnya Zinchenko, dia sudah teruji di Liga Inggris, kemarin asisst. Yuhukkkkkk~~~ https://t.â€¦", beruntung banget arsenal dapatnya zinchenko  dia sudah teruji di liga inggris  kemarin asisst  yuhukkkkkk  https t ,0.0,0.0,neutral,0.0,1.0,0.0,0.0
Sambi Lokonga @Arsenal,sambi lokonga  arsenal,0.0,0.0,neutral,0.0,1.0,0.0,0.0
"@monchoifc Iwal es el mejor plantel del torneo habia q jugarle asi, ahora bien va a juagr asi hasta con arsenal", monchoifc iwal es el mejor plantel del torneo habia q jugarle asi  ahora bien va a juagr asi hasta con arsenal,0.0,0.0,neutral,0.0,1.0,0.0,0.0
"RT @AFTVMedia: Gary Neville says that Arsenal's attack will blow a lot of teams away this season. ğŸ”´

#AFC #Arsenal https://t.co/sMo8Ll7Yx5"," gary neville says that arsenal s attack will blow a lot of teams away this season   

 afc  arsenal https t co smo8ll7yx5",0.0,0.0,negative,,,,
"@Arsenal membangun kekuatan dari dalam, memupuk kemampuan dari nol, memberi kesempatan pada semua orang. 

Tidak haâ€¦ https://t.co/knbaVYrsUG"," arsenal membangun kekuatan dari dalam  memupuk kemampuan dari nol  memberi kesempatan pada semua orang  

tidak ha  https t co knbavyrsug",0.0,0.0,positive,,,,
"@SpacestationRL @MoistEsports Arsenal had his flu game, but weâ€™re going for the 3-peatğŸ¥±", spacestationrl  moistesports arsenal had his flu game  but we re going for the 3 peat ,-0.4,0.4,negative,,,,
"RT @adamkeys_: Venomous strike from Nuno Tavares on his Marseille debut. This feels like a great move for him, playing in front of an intenâ€¦", venomous strike from nuno tavares on his marseille debut  this feels like a great move for him  playing in front of an inten ,0.8,0.75,positive,,,,
"@bigdd77 Arsenal! But I canâ€™t help but like City, even more so now with Haaland. So fun to watch.", bigdd77 arsenal  but i can t help but like city  even more so now with haaland  so fun to watch ,0.4,0.35,positive,,,,
"@Morris_Monye This person is just a die hard fan . Arsenal may make top 4 this season, but winning the league is toâ€¦ https://t.co/3RU0h8yMOm", morris monye this person is just a die hard fan   arsenal may make top 4 this season  but winning the league is to  https t co 3ru0h8ymom,0.23611111111111108,0.5972222222222222,positive,,,,
"RT @UPYOURARSENAL04: Arsenal please sign Tielemans before we play Leicester on Saturday

Strengthens us and weakens themğŸ¤ https://t.co/oN4Qâ€¦"," arsenal please sign tielemans before we play leicester on saturday

strengthens us and weakens them  https t co on4q ",0.0,0.0,positive,,,,
@peter__gbenga @trillHenri @AfcChance @Arsecal Honestly Arsenal fans you're embarassing yourselves. You mean to telâ€¦ https://t.co/jEbYmlqa18, peter gbenga  trillhenri  afcchance  arsecal honestly arsenal fans you re embarassing yourselves  you mean to tel  https t co jebymlqa18,0.14375,0.79375,positive,,,,
RT @xPassio_: On a pris Saliba Ã  Arsenal on en a fait un monstre et on leurs a rendu et on va faire de mÃªme avec Nuno Tavares https://t.co/â€¦, on a pris saliba   arsenal on en a fait un monstre et on leurs a rendu et on va faire de m me avec nuno tavares https t co ,0.0,0.0,neutral,0.0,1.0,0.0,0.0
@LifeIsCoolBRO @SpacestationRL j'aurais eu le seum pour arsenal et daniel en vrai, lifeiscoolbro  spacestationrl j aurais eu le seum pour arsenal et daniel en vrai,0.0,0.0,neutral,0.0,1.0,0.0,0.0
RT @tarektt147: Nuno Tavares vs Reims #Tavares #arsenal https://t.co/wClDxgiMeZ, nuno tavares vs reims  tavares  arsenal https t co wcldxgimez,0.0,0.0,neutral,0.0,1.0,0.0,0.0
@Arsenalnewschan Im now starting to realize that The Arsenal project is big looking at the guys on loan and some under 23s &amp; 21s...ğŸ‘Œ, arsenalnewschan im now starting to realize that the arsenal project is big looking at the guys on loan and some under 23s  amp  21s ,0.0,0.1,neutral,0.0,1.0,0.0,0.0
"RT @afcstuff: Happy Birthday to former Arsenal midfielder &amp; FA Cup winner Dani Ceballos, who turns 26 today! #afc https://t.co/v3eiTG8pnV", happy birthday to former arsenal midfielder  amp  fa cup winner dani ceballos  who turns 26 today   afc https t co v3eitg8pnv,0.4,0.5,positive,,,,
ğŸš¨ @David_Ornstein: â€œYouri Tielemans is a player Arsenal like. Leicester City would sell with only a year to go on hâ€¦ https://t.co/naWFLjlhxE,   david ornstein   youri tielemans is a player arsenal like  leicester city would sell with only a year to go on h  https t co nawfljlhxe,0.0,1.0,positive,,,,
@bbbusbee Any more updates on Aubameyang? I think I remember Matt law saying in a pod that tuchel loves him from thâ€¦ https://t.co/EM49myIpk7, bbbusbee any more updates on aubameyang  i think i remember matt law saying in a pod that tuchel loves him from th  https t co em49myipk7,0.5,0.5,positive,,,,
"@RNCResearch Is there money in there to add more ammo and weapons to the IRS arsenal as well? Garbage, DC is full of Garbage!", rncresearch is there money in there to add more ammo and weapons to the irs arsenal as well  garbage  dc is full of garbage ,0.425,0.525,negative,,,,
Arsenal the back wall OOOOOOOOH. This guy is just something else. I can't describe how proud I am they made it. Desâ€¦ https://t.co/1OKe4AYjZC,arsenal the back wall ooooooooh  this guy is just something else  i can t describe how proud i am they made it  des  https t co 1oke4ayjzc,0.4,0.5,positive,,,,
Arsenal vs Leicester city tickets available Dm if youâ€™re interested in buying #Arsenal,arsenal vs leicester city tickets available dm if you re interested in buying  arsenal,0.325,0.45,positive,,,,
"RT @FPL_Josh: THREAD ON ARSENAL VS PALACE GAME AND WHAT IT MEANS FOR ARSENAL ASSETS GOING FORWARD 

Any Likes or RTs would be greatly appreâ€¦"," thread on arsenal vs palace game and what it means for arsenal assets going forward 

any likes or rts would be greatly appre ",0.2,0.575,positive,,,,
"RT @FabrizioRomano: Official, confirmed. Dries Mertens and Lucas Torreira are Galatasaray players. Documents are signed, both will be in Isâ€¦", official  confirmed  dries mertens and lucas torreira are galatasaray players  documents are signed  both will be in is ,0.4,1.0,neutral,0.0,1.0,0.0,0.0
@Arsenal_FRA Donnez nous smith roweğŸ¤²ğŸ¾, arsenal fra donnez nous smith rowe ,0.0,0.0,neutral,0.0,1.0,0.0,0.0
RT @afcstuff: .@RyanTaylorSport on Gakpo: â€œWe know he is attainable because heâ€™s reasonably priced around about Â£30m-Â£35m. If that was oneâ€¦,  ryantaylorsport on gakpo   we know he is attainable because he s reasonably priced around about  30m 35m  if that was one ,0.2,0.6,neutral,0.0,1.0,0.0,0.0
@0key15 @Tariq_St_Patrik @Jay_St_Patrik You mean Arsenal?, 0key15  tariq st patrik  jay st patrik you mean arsenal ,-0.3125,0.6875,neutral,0.0,1.0,0.0,0.0
"RT @afcstuff: After signing with Serie B side Como 1907 last week, Cesc Fabregas has become a shareholder at the club. He will be reunitedâ€¦", after signing with serie b side como 1907 last week  cesc fabregas has become a shareholder at the club  he will be reunited ,0.0,0.06666666666666667,neutral,0.0,1.0,0.0,0.0
"RT @AdieleG: Hazard Totally Mimicked Sterling Here ğŸ˜ğŸ˜ğŸ˜

Join The Hottest Football Forum Here ğŸ‘‡
https://t.co/yVfmNRcJOn

Nuno Tavares #disquâ€¦"," hazard totally mimicked sterling here  

join the hottest football forum here  
https t co yvfmnrcjon

nuno tavares  disqu ",0.0,0.75,positive,,,,
"Tengo la sensaciÃ³n de que el arco que esta atrÃ¡s de la popular local esta embrujado:
- Gol de pedo de atletico de tâ€¦ https://t.co/52lUw7Sgs7","tengo la sensaci n de que el arco que esta atr s de la popular local esta embrujado 
  gol de pedo de atletico de t  https t co 52luw7sgs7",0.3,0.45,positive,,,,
@sighthisapp @KFeltham10 @SkySportsPL Arsenal was atop before MD1, sighthisapp  kfeltham10  skysportspl arsenal was atop before md1,0.0,0.0,neutral,0.0,1.0,0.0,0.0
"@Alvaro_Romeo @Millar_Colin Players can fail at Barca, Real, Bayern and Juve and it's because it just didn't work oâ€¦ https://t.co/371faUq6N5", alvaro romeo  millar colin players can fail at barca  real  bayern and juve and it s because it just didn t work o  https t co 371fauq6n5,-0.15,0.3,negative,,,,
"Entre los fichajes mÃ¡s llamativos de la Liga inglesa ğŸ´ó §ó ¢ó ¥ó ®ó §ó ¿ son:

-Darwin NÃºÃ±ez ğŸ‡ºğŸ‡¾ llega al Liverpool tras la saliâ€¦ https://t.co/EF8WbNlTPu","entre los fichajes m s llamativos de la liga inglesa   son 

 darwin n ez   llega al liverpool tras la sali  https t co ef8wbnltpu",0.0,0.0,positive,,,,
RT @najetrami: Il est laaaaaaaaaaaaaaaaaaaaaa Tavares magnifique ce but ğŸ™ğŸ˜ . C'est pas le mÃªme que j'avais vu a Arsenal excusez moi ğŸ˜‚ğŸ˜­ #OMSâ€¦, il est laaaaaaaaaaaaaaaaaaaaaa tavares magnifique ce but     c est pas le m me que j avais vu a arsenal excusez moi    oms ,0.0,0.0,neutral,0.0,1.0,0.0,0.0
"RT @afcstuff: ğŸš¨ Arsenal have appointed Karen Smart as their new chief operating officer (COO), joining from Manchester Airports Group (MAG)â€¦",   arsenal have appointed karen smart as their new chief operating officer  coo  joining from manchester airports group  mag ,0.17532467532467533,0.5487012987012987,positive,,,,
"@Man_Kinga342 Bana mostly New, Arsenal na Chelsea", man kinga342 bana mostly new  arsenal na chelsea,0.13636363636363635,0.45454545454545453,neutral,0.0,1.0,0.0,0.0
"RT @TorresErwerle: Ayer jugaron Crystal Palace-Arsenal, y durante el partido apareciÃ³ un aviÃ³n con un cartel que decÃ­a â€œExpulsen a los violâ€¦", ayer jugaron crystal palace arsenal  y durante el partido apareci  un avi n con un cartel que dec a  expulsen a los viol ,0.0,0.0,neutral,0.0,1.0,0.0,0.0
"@GiaccAvv @i_ivanol Nn mi sembra che l'arsenal si sia ben guardato da nn far vedere qsta foto!
Ma sputtanare cosa?â€¦ https://t.co/ZpME91WZfS"," giaccavv  i ivanol nn mi sembra che l arsenal si sia ben guardato da nn far vedere qsta foto 
ma sputtanare cosa  https t co zpme91wzfs",0.1,1.0,neutral,0.0,1.0,0.0,0.0
@gunnerblog @TheAthleticUK Good luck with that. MAG was a complete disaster zone when she left and has never recoveâ€¦ https://t.co/Nu6uPJbz1H, gunnerblog  theathleticuk good luck with that  mag was a complete disaster zone when she left and has never recove  https t co nu6upjbz1h,0.26666666666666666,0.3333333333333333,positive,,,,
"RT @btsportfootball: Another Arsenal loanee gets on the scoresheet in France ğŸ‘Š

Folarin Balogun comes off the bench and scores just 20 minuâ€¦"," another arsenal loanee gets on the scoresheet in france  

folarin balogun comes off the bench and scores just 20 minu ",0.0,0.0,neutral,0.0,1.0,0.0,0.0
"RT @Arsenalnewschan: My favourite photo from the Palace win ğŸ«‚ğŸ”´â¤ï¸

#Arsenal https://t.co/CadpwbR6jb"," my favourite photo from the palace win  

 arsenal https t co cadpwbr6jb",0.8,0.4,positive,,,,
RT @afcstuff: LA Rams coach Sean McVay with a message for Mikel Arteta &amp; the Arsenal team. ğŸ¤ [@RamsNFL] #afc https://t.co/6SwsGKaFA4, la rams coach sean mcvay with a message for mikel arteta  amp  the arsenal team     ramsnfl   afc https t co 6swsgkafa4,0.0,0.0,neutral,0.0,1.0,0.0,0.0
"@firstladyship Give me a name and jersey number for the branding.
Welcome to The Arsenal! https://t.co/rdetHkWfbb"," firstladyship give me a name and jersey number for the branding 
welcome to the arsenal  https t co rdethkwfbb",0.8,0.9,positive,,,,
RT @davidhickman14: Captain Ã˜degaard #Arsenal https://t.co/BLbf9x0TPw, captain  degaard  arsenal https t co blbf9x0tpw,0.0,0.0,neutral,0.0,1.0,0.0,0.0
"RT @ArseneBvnger: Ramsey but sur premiÃ¨re touche puis Tavares et Balogun buteurs, la Ligue 1 appartient Ã  Arsenal", ramsey but sur premi re touche puis tavares et balogun buteurs  la ligue 1 appartient   arsenal,0.0,0.0,neutral,0.0,1.0,0.0,0.0
@Boyasap1 @Arsenal @adidasfootball Thanks mate, boyasap1  arsenal  adidasfootball thanks mate,0.2,0.2,positive,,,,
"In other words, nobody has a clue who Arsenal will sign. Edu has everyone on strings https://t.co/ibHFm1cEGH",in other words  nobody has a clue who arsenal will sign  edu has everyone on strings https t co ibhfm1cegh,-0.125,0.375,neutral,0.0,1.0,0.0,0.0
"RT @ConMarbleHalls: Update:
Still as we were a few days ago. 

Players side wants arsenal. 
Agent told arsenal will move. 

Few outgoings tâ€¦"," update 
still as we were a few days ago  

players side wants arsenal  
agent told arsenal will move  

few outgoings t ",-0.06666666666666667,0.10000000000000002,neutral,0.0,1.0,0.0,0.0
"@miller68_a @FPL__Raptor This is a bit better imo, but Iâ€™d do: Ake-&gt;Walker (Walker more nailed and spent a lot of tâ€¦ https://t.co/17KWmWOLJd", miller68 a  fpl raptor this is a bit better imo  but i d do  ake gt walker  walker more nailed and spent a lot of t  https t co 17kwmwoljd,0.3,0.3666666666666667,positive,,,,
This guys already an Arsenal cult hero by hyping up a guy none of have seen. I rate it https://t.co/ZU3l43ndKK,this guys already an arsenal cult hero by hyping up a guy none of have seen  i rate it https t co zu3l43ndkk,0.0,0.0,positive,,,,
Well done you got an L and an Arsenal 3 points and clean sheet instead https://t.co/pdPNYxMW0O,well done you got an l and an arsenal 3 points and clean sheet instead https t co pdpnyxmw0o,0.3666666666666667,0.7000000000000001,positive,,,,
@Squawka Arsenal must tie Saliba to a loooooong contract, squawka arsenal must tie saliba to a loooooong contract,0.0,0.0,neutral,0.0,1.0,0.0,0.0
@37gunner We aren't going to agree on this subject. It isn't black and white for a start. There are lots of similarâ€¦ https://t.co/CrCfC1DP06, 37gunner we aren t going to agree on this subject  it isn t black and white for a start  there are lots of similar  https t co crcfc1dp06,-0.08333333333333333,0.29166666666666663,positive,,,,
RT @Radosin75: @ArsenalRL U got this arsenal ğŸ¦¾,  arsenalrl u got this arsenal  ,0.0,0.0,neutral,0.0,1.0,0.0,0.0
@stuafc71 Hopefully Arsenal get it done soon, stuafc71 hopefully arsenal get it done soon,0.0,0.0,positive,,,,
RT @GunnerJenks: My beautiful grandchildren in their new Arsenal kitsâ€¼ï¸ https://t.co/zcbY40O2Sv, my beautiful grandchildren in their new arsenal kits  https t co zcby40o2sv,0.49318181818181817,0.7272727272727273,positive,,,,
@ShiftRLE @ArsenalRL arsenal celebration puke, shiftrle  arsenalrl arsenal celebration puke,0.0,0.0,negative,,,,
"watif suporting man u is also a sin ğŸ˜ŠğŸ˜ŠğŸ˜ŠğŸ˜ŠğŸ˜ŠğŸ˜ŠğŸ˜Š
fuck arsenal funs, fuck ETHğŸ˜œğŸ˜œğŸ˜œğŸ˜œğŸ˜œ","watif suporting man u is also a sin  
fuck arsenal funs  fuck eth ",-0.4,0.6,negative,,,,
"@Ieakimm Un gars rejetÃ© dâ€™arsenal, prÃªtÃ© Ã  lâ€™OM et qui regal dÃ¨s le 1er match= je ne peux que mâ€™exciter", ieakimm un gars rejet  d arsenal  pr t    l om et qui regal d s le 1er match  je ne peux que m exciter,0.0,0.0,positive,,,,
"RT @FootballFunnnys: Man City sign Haaland.
Liverpool sign Nunez.
Chelsea sign Sterling.
Arsenal sign Jesus.

Man United are about to signâ€¦"," man city sign haaland 
liverpool sign nunez 
chelsea sign sterling 
arsenal sign jesus 

man united are about to sign ",0.0,0.0,positive,,,,
"RT @saltimes: Legendary tackle.

#Arsenal https://t.co/gEzPaJ99fT"," legendary tackle 

 arsenal https t co gezpaj99ft",1.0,1.0,neutral,0.0,1.0,0.0,0.0
"Ãšltimas alegrias de Independiente:
+El pasillo a Racing
+Arsenal empatando a Racing
+Boca pecheando la sÃ©ptima 
+Baâ€¦ https://t.co/E2knJWbTZF"," ltimas alegrias de independiente 
 el pasillo a racing
 arsenal empatando a racing
 boca pecheando la s ptima 
 ba  https t co e2knjwbtzf",0.0,0.0,neutral,0.0,1.0,0.0,0.0
RT @Arsenalnewschan: ğŸš¨ LOAN WATCH ğŸš¨ Nuno Tavares ğŸ‡µğŸ‡¹ and Folarin Balogun ğŸ´ó §ó ¢ó ¥ó ®ó §ó ¿ both scored on their Ligue 1 debuts tonight as Marseille beâ€¦,   loan watch   nuno tavares   and folarin balogun   both scored on their ligue 1 debuts tonight as marseille be ,0.0,0.0,neutral,0.0,1.0,0.0,0.0
@terryflewers Just arsenal fans keyboard warriors. https://t.co/C2XYyQ6pRk, terryflewers just arsenal fans keyboard warriors  https t co c2xyyq6prk,0.0,0.0,neutral,0.0,1.0,0.0,0.0
RT @Arsenal_WPB: Flo Balogun and Nuno Tavares both scoring on the same dayâ€¦!!! #aFc, flo balogun and nuno tavares both scoring on the same day   afc,0.0,0.125,neutral,0.0,1.0,0.0,0.0
"RT @shawnmicallef: They close many of the streets to cars in the main areas.  How will people get to the blue jays, er, Arsenal/Chelsea/Wesâ€¦", they close many of the streets to cars in the main areas   how will people get to the blue jays  er  arsenal chelsea wes ,0.2222222222222222,0.31111111111111106,neutral,0.0,1.0,0.0,0.0
"@xLeandro7 LEAN SE VIENE NEWELLS, ARSENAL, CENTRAL CORDOBA, TIGRE Y BARRACAS, SI NO SACAMOS 15/15 ME HAGO DAÃ‘O", xleandro7 lean se viene newells  arsenal  central cordoba  tigre y barracas  si no sacamos 15 15 me hago da o,0.0,0.25,neutral,0.108,0.784,0.108,0.0
"@miss_yaks @Arsenal U are welcome ,u have come at the right time,this is exciting time,did u know life itself is noâ€¦ https://t.co/wjVBpjSPOM", miss yaks  arsenal u are welcome  u have come at the right time this is exciting time did u know life itself is no  https t co wjvbpjspom,0.461904761904762,0.7452380952380953,positive,,,,
"RT @chelseayouth: #CFCU18 pre-season âœ… 

3-0 vs Bournemouth
7-0 vs Coventry
0-0 vs NÃ¼rnberg*
3-0 vs Maccabi Tel-Aviv*
4-0 vs FC Bayern*
4-1â€¦","  cfcu18 pre season   

3 0 vs bournemouth
7 0 vs coventry
0 0 vs n rnberg 
3 0 vs maccabi tel aviv 
4 0 vs fc bayern 
4 1 ",0.0,0.0,neutral,0.0,1.0,0.0,0.0
"@YannickBolasie One of my favorite wingers
My African Ronaldihno @YannickBolasie â¤ï¸â¤ï¸ I always wished for you to play for Arsenal"," yannickbolasie one of my favorite wingers
my african ronaldihno  yannickbolasie   i always wished for you to play for arsenal",0.25,0.5,positive,,,,
"RT @primevideosport: Go behind the scenes at Arsenal during a season full of ups and downs ğŸ¬

#AONArsenal Watch Now"," go behind the scenes at arsenal during a season full of ups and downs  

 aonarsenal watch now",-0.025000000000000022,0.625,neutral,0.0,1.0,0.0,0.0
@FabrizioRomano Marseille are literally making an Arsenal Past and Present squad, fabrizioromano marseille are literally making an arsenal past and present squad,-0.125,0.125,neutral,0.0,1.0,0.0,0.0
RT @_PLICE: Man Utd is the new Arsenal https://t.co/om1VWLscUy, man utd is the new arsenal https t co om1vwlscuy,0.13636363636363635,0.45454545454545453,neutral,0.0,1.0,0.0,0.0
"@ArsenalRL @PioneersGG Proud of you arsenal, get some good rest ğŸ’›ğŸ–¤", arsenalrl  pioneersgg proud of you arsenal  get some good rest  ,0.75,0.8,positive,,,,
"ğŸ§NEW EPISODE!ğŸš¨
What a start to a brand new Premier League season! Things got Gross for #ManUtd. Haaland is a unicorâ€¦ https://t.co/xeEfBkgPkP"," new episode 
what a start to a brand new premier league season  things got gross for  manutd  haaland is a unicor  https t co xeefbkgpkp",0.0909090909090909,0.30303030303030304,negative,,,,
RT @ArsenalTSN: Would you take Moussa Diaby at Arsenal? ğŸ¤” https://t.co/oacQzwvyae, would you take moussa diaby at arsenal    https t co oacqzwvyae,0.0,0.0,neutral,0.0,1.0,0.0,0.0
I highly doubt Arsenal fans hate him. He just gets hated by the attention seeking minority who like to have controvâ€¦ https://t.co/R5AJdia0q4,i highly doubt arsenal fans hate him  he just gets hated by the attention seeking minority who like to have controv  https t co r5ajdia0q4,-0.5133333333333333,0.7133333333333333,negative,,,,
RT @Ot_Silz: Fulham put in a performance against Liverpool that the media and pundits expected/ wanted palace to put against arsenal ğŸ˜‚ğŸ˜‚, fulham put in a performance against liverpool that the media and pundits expected  wanted palace to put against arsenal  ,-0.1,0.4,neutral,0.0,1.0,0.0,0.0
@ShiftRLE @ArsenalRL Will this be on ballchasing site? I wanna see Arsenal pov, shiftrle  arsenalrl will this be on ballchasing site  i wanna see arsenal pov,0.0,0.0,neutral,0.0,1.0,0.0,0.0
"Par contre Arsenal, Ã§a vous dirait de reprendre Kolasinac mdrrr ? Parceque mÃªme ici il arrive Ã  Ãªtre claquÃ©",par contre arsenal   a vous dirait de reprendre kolasinac mdrrr   parceque m me ici il arrive    tre claqu ,0.0,0.0,neutral,0.0,1.0,0.0,0.0
RT @ritahbamale1: I wonder why men cant stick with one woman but can stick to one football club which hasnt won any trophy since 2004 ğŸ‘€ğŸ‘€ğŸ‘€ğŸ‘€Aâ€¦, i wonder why men cant stick with one woman but can stick to one football club which hasnt won any trophy since 2004  a ,0.0,0.0,negative,,,,
"Entre Independiente y Racing, el mÃ¡s grande este siglo fue Arsenal putas cogidas",entre independiente y racing  el m s grande este siglo fue arsenal putas cogidas,0.0,0.0,neutral,0.0,1.0,0.0,0.0
"#sportn_ews ,          #liverpoolfc , #mohamedsalah , #manchesterunited , #mitrovic , #tottenham , #arsenal  ,â€¦ https://t.co/CFffH5msqH", sportn ews             liverpoolfc    mohamedsalah    manchesterunited    mitrovic    tottenham    arsenal    https t co cfffh5msqh,0.0,0.0,neutral,0.0,1.0,0.0,0.0
"RT @thinpha: Thread de mes photos prÃ©fÃ©rÃ©es de chaque match d'Arsenal, saison 2022-2023 ğŸ˜Œ", thread de mes photos pr f r es de chaque match d arsenal  saison 2022 2023  ,0.0,0.0,neutral,0.0,1.0,0.0,0.0
RT @VipArsenal: Guedes impending move to Wolves could clear the path for Pedro Neto to head to Arsenal. [Express], guedes impending move to wolves could clear the path for pedro neto to head to arsenal   express ,0.10000000000000002,0.3833333333333333,positive,,,,
this guy is a proper weirdo. he legit jerks off to arsenal. https://t.co/AOV5E3BLCo,this guy is a proper weirdo  he legit jerks off to arsenal  https t co aov5e3blco,0.0,0.1,negative,,,,
@Sel_the_red I know bro. I am suffering through the new All or Nothing: Arsenal., sel the red i know bro  i am suffering through the new all or nothing  arsenal ,0.06818181818181818,0.22727272727272727,negative,,,,
@McgillDillan People been saying he could be one of the very best Arsenal academy ever produced.  Look after him!, mcgilldillan people been saying he could be one of the very best arsenal academy ever produced   look after him ,1.0,0.39,positive,,,,
Watch Arsenalâ€™s Nuno Tavares' SCREAMER for Marseille before other loanee's goal https://t.co/nMzbLpQxDv,watch arsenal s nuno tavares  screamer for marseille before other loanee s goal https t co nmzblpqxdv,-0.125,0.375,neutral,0.0,1.0,0.0,0.0
RT @davidhickman14: Nuno Taveres celebrating his goal on his competitive debut for Marseille #Arsenal https://t.co/rapQIpDkhn, nuno taveres celebrating his goal on his competitive debut for marseille  arsenal https t co rapqipdkhn,0.0,0.0,positive,,,,
"RT @GritoGunner: Gabriel Jesus had a rough PL debut as an Arsenal player, the Palace defense was on him for the entirity of the game, and eâ€¦", gabriel jesus had a rough pl debut as an arsenal player  the palace defense was on him for the entirity of the game  and e ,-0.25,0.4,positive,,,,
"RT @90sfootball: Arsene Wenger takes over at Arsenal, September 1996. https://t.co/3Rukcd3KLB", arsene wenger takes over at arsenal  september 1996  https t co 3rukcd3klb,0.0,0.0,neutral,0.0,1.0,0.0,0.0
@arsenal_loans @its_chriso told ya..has a lot in his locker, arsenal loans  its chriso told ya has a lot in his locker,0.0,0.0,neutral,0.0,1.0,0.0,0.0
RT @rehnato: Balogunâ€™s goal for Reims https://t.co/f2GkW7VALZ, balogun s goal for reims https t co f2gkw7valz,0.0,0.0,neutral,0.0,1.0,0.0,0.0
RT @designfootball: Have Arsenal done the lightning bolt thing enough? @de_mungos gives us another shirt that incorporates the '90s stylingâ€¦, have arsenal done the lightning bolt thing enough   de mungos gives us another shirt that incorporates the  90s styling ,0.0,0.5,neutral,0.0,1.0,0.0,0.0
RT @TheTransferEx: Arsenal will meet with Youri Tielemans's representatives for a second round of talks early next week. Tielemans will 100â€¦, arsenal will meet with youri tielemans s representatives for a second round of talks early next week  tielemans will 100 ,-0.025,0.175,neutral,0.0,1.0,0.0,0.0
"@KJagers @kreefteric @edwinwinkels Nou ja, hij moet het zelf weten natuurlijk, maar Chelsea gaat dit seizoen hooguiâ€¦ https://t.co/mIvHVxRq2m", kjagers  kreefteric  edwinwinkels nou ja  hij moet het zelf weten natuurlijk  maar chelsea gaat dit seizoen hoogui  https t co mivhvxrq2m,0.0,0.0,neutral,0.0,1.0,0.0,0.0
RT @afc_richard: Premier League has been back less than 48 hours and already I have seen a Tottenham &amp; Man United player escape red cards fâ€¦, premier league has been back less than 48 hours and already i have seen a tottenham  amp  man united player escape red cards f ,-0.05555555555555555,0.022222222222222223,positive,,,,
@RLEsports @Spacestation Im glad arsenal was the one to close it out, rlesports  spacestation im glad arsenal was the one to close it out,0.5,1.0,positive,,,,
Tavares still learning. This is why Arteta wants him to play regularly to correct his mistakes &amp; regain confidence.â€¦ https://t.co/LnR6xyw2Ir,tavares still learning  this is why arteta wants him to play regularly to correct his mistakes  amp  regain confidence  https t co lnr6xyw2ir,0.1,0.08846153846153847,positive,,,,
"@tomandrewstew I loved him at Arsenal. Seemed like a properly great lad, and if only he'd stayed for, always had thâ€¦ https://t.co/14bcaQzVmP", tomandrewstew i loved him at arsenal  seemed like a properly great lad  and if only he d stayed for  always had th  https t co 14bcaqzvmp,0.5,0.85,positive,,,,
@ChromeRL Hopefully Arsenal gets better soon ğŸ’›ğŸ–¤, chromerl hopefully arsenal gets better soon  ,0.5,0.5,positive,,,,
"RT @arapuria: Arsenal strike first on Premier League  opening night"" ğŸ”¥ğŸ”¥ğŸ”¥ğŸ”¥ğŸ˜‚ğŸ˜‚ğŸ˜‚

Stream Live all the action of the premier League matches onlyâ€¦"," arsenal strike first on premier league  opening night   

stream live all the action of the premier league matches only ",0.12159090909090908,0.4833333333333333,negative,,,,
"RT @DelMoronger: @OpinadorProfes4 @elmundoes Ucrania tenÃ­a el mayor arsenal nuclear del mundo, pero Rusia les dijo que lo desmantelaran porâ€¦",  opinadorprofes4  elmundoes ucrania ten a el mayor arsenal nuclear del mundo  pero rusia les dijo que lo desmantelaran por ,0.0,0.0,neutral,0.0,1.0,0.0,0.0
"RT @Gunnersc0m: ""Gilberto Silva was a guy who did not get enough credit for his intelligence, his generous attitude, quietness, discreet, bâ€¦",  gilberto silva was a guy who did not get enough credit for his intelligence  his generous attitude  quietness  discreet  b ,0.0,0.5,positive,,,,
"Am I the only one who sees clubs around europe in blocks.
Like 
Arsenal - AC Milan - Marseille
Chelsea - Atletico Mâ€¦ https://t.co/IMXNWmboOU","am i the only one who sees clubs around europe in blocks 
like 
arsenal   ac milan   marseille
chelsea   atletico m  https t co imxnwmboou",0.0,1.0,positive,,,,
"ARSENAL FLU GAME HOLY SHIT THAT GAME WAS INSANE !!!
Feels for KCP they played well ggs
SSG on top @ArsenalRL the goâ€¦ https://t.co/N6YFtS2Xnb","arsenal flu game holy shit that game was insane  
feels for kcp they played well ggs
ssg on top  arsenalrl the go  https t co n6yfts2xnb",-0.3,0.62,negative,,,,
@MhandMhamed @FootballScoutYG il va revenir en forme pour la saison prochaine comme saliba lâ€™OM câ€™est la Machine Ã  laver dâ€™Arsenal ğŸ˜‚ğŸ˜‚ğŸ˜‚ğŸ˜‚, mhandmhamed  footballscoutyg il va revenir en forme pour la saison prochaine comme saliba l om c est la machine   laver d arsenal  ,0.0,0.0,neutral,0.0,1.0,0.0,0.0
"RT @SeDsgns: Arsenal 22/23 social rebrand concept featuring the new pink 3rd kit: [for illustration purposes only!]

â€¢ Starting XI
â€¢ Transfâ€¦"," arsenal 22 23 social rebrand concept featuring the new pink 3rd kit   for illustration purposes only 

  starting xi
  transf ",0.011616161616161613,0.3202020202020202,neutral,0.0,1.0,0.0,0.0
Arsenal leading the table through @fahimbodla with 73 points.,arsenal leading the table through  fahimbodla with 73 points ,0.0,0.0,neutral,0.0,1.0,0.0,0.0
@ohmaxo @AdamNewson Exactly. Squad padding. How many minutes has Tuchel given Chalobah since his latest goal-costinâ€¦ https://t.co/A9H2WMHgUS, ohmaxo  adamnewson exactly  squad padding  how many minutes has tuchel given chalobah since his latest goal costin  https t co a9h2wmhgus,0.4166666666666667,0.5499999999999999,neutral,0.0,1.0,0.0,0.0
"@fcverstappen @UTDTrey @ManUtd you know liverpool have lost to brighton too right?  so have arsenal, spurs and manâ€¦ https://t.co/kndLtgkmg2", fcverstappen  utdtrey  manutd you know liverpool have lost to brighton too right   so have arsenal  spurs and man  https t co kndltgkmg2,0.2857142857142857,0.5357142857142857,negative,,,,
"RT @AMonFootball: How would this be framed if it was Arsenal?

â€œFulham capitalise on Arsenal errors as North Londoners stutterâ€ https://t.câ€¦"," how would this be framed if it was arsenal 

 fulham capitalise on arsenal errors as north londoners stutter  https t c ",0.0,0.0,negative,,,,
"@BenAFC @GNev2 Arsenal fans are hilarious.  I just love them.

In a â€˜pat on the head feel sorry for themâ€™ way"," benafc  gnev2 arsenal fans are hilarious   i just love them 

in a  pat on the head feel sorry for them  way",0.16666666666666666,0.8666666666666667,positive,,,,
"@torricuervo @SanLorenzo Si amigo lo se, ya te dije la semana pasada en la paternal, fue todo de el, pero lÃ­nea deâ€¦ https://t.co/B9ySIstpyU", torricuervo  sanlorenzo si amigo lo se  ya te dije la semana pasada en la paternal  fue todo de el  pero l nea de  https t co b9ysistpyu,0.0,0.0,neutral,0.0,1.0,0.0,0.0
@FabrizioRomano Arsenal had his best was awesome for us even when he was at united ğŸ˜‚ğŸ˜‚, fabrizioromano arsenal had his best was awesome for us even when he was at united  ,1.0,0.65,positive,,,,
"RT @GFFN: FT | Marseille 4-1 Reims:

OM put behind the scenes trouble to one side to see out a win. Luis SuÃ¡rez with a double on his debut,â€¦"," ft   marseille 4 1 reims 

om put behind the scenes trouble to one side to see out a win  luis su rez with a double on his debut ",0.04999999999999999,0.32499999999999996,positive,,,,
@selormafc @gabrieljesus9 Absolutely. I was glad Arsenal bought him. I wished fir that and was praying he agreed toâ€¦ https://t.co/3b7EufWAmS, selormafc  gabrieljesus9 absolutely  i was glad arsenal bought him  i wished fir that and was praying he agreed to  https t co 3b7eufwams,0.35,0.95,positive,,,,
"RT @JorbyPls: ARSENAL. BLOOD IN THE TOILET. SWEAT ON HIS KEYBOARD. 

#RLCS"," arsenal  blood in the toilet  sweat on his keyboard  

 rlcs",-0.03333333333333333,0.0,neutral,0.0,1.0,0.0,0.0
"@__KingArthur__8 @StokeyyG2 I support one club where I go to every home game.

The other club is one with a deep &amp;â€¦ https://t.co/GdEIpXs5OV"," kingarthur 8  stokeyyg2 i support one club where i go to every home game 

the other club is one with a deep  amp  https t co gdeipxs5ov",-0.17500000000000002,0.39166666666666666,positive,,,,
"@Joece145 @HoldBuyand @shemsifcb OH HELL NO, Liverpool city contenders, chelsea is even near to it, Tottenham quateâ€¦ https://t.co/UInUATVGYS", joece145  holdbuyand  shemsifcb oh hell no  liverpool city contenders  chelsea is even near to it  tottenham quate  https t co uinuatvgys,0.1,0.4,negative,,,,
RT @Speed_RL: LMAO ARSENAL DOING THE SPEEDRUN LEAVE THE STAGE ANY % WR the cameras didnâ€™t even catch him, lmao arsenal doing the speedrun leave the stage any   wr the cameras didn t even catch him,0.6,1.0,positive,,,,
@JamesAFCx @AFC_Carys Never said that heâ€™s got arsenal in a good position heâ€™s got good ideas for a team too., jamesafcx  afc carys never said that he s got arsenal in a good position he s got good ideas for a team too ,0.7,0.6000000000000001,positive,,,,
How on earth is arsenal Leicester not on tv text week ğŸ¤¦ğŸ»,how on earth is arsenal leicester not on tv text week  ,0.0,0.0,neutral,0.0,1.0,0.0,0.0
"@hernandinho @AlanTorresmxx @America1Angeles @17TITULOSDELIGA @pechussss No mi estimado, fueron los pequeÃ±os Tigresâ€¦ https://t.co/kRu7xto7Q8", hernandinho  alantorresmxx  america1angeles  17titulosdeliga  pechussss no mi estimado  fueron los peque os tigres  https t co kru7xto7q8,0.0,0.0,negative,,,,
RT @afcstuff: David Ornstein has given an update on the latest Arsenal transfer news - in their pursuit of a winger and an update on a poteâ€¦, david ornstein has given an update on the latest arsenal transfer news   in their pursuit of a winger and an update on a pote ,0.5,0.9,neutral,0.0,1.0,0.0,0.0
@afcesr @MatteoGuendouzi @NunoTavares Stop stalking..u will be the same to lash out at Nuno at the least opportunitâ€¦ https://t.co/9IeXsnPKHt, afcesr  matteoguendouzi  nunotavares stop stalking u will be the same to lash out at nuno at the least opportunit  https t co 9iexsnpkht,-0.15,0.2625,negative,,,,
"RT @AFTVMedia: Arsenal are reportedly in talks with Bayer Leverkusen to try and sign Moussa Diaby, who is valued at Â£60m.

Would you like tâ€¦"," arsenal are reportedly in talks with bayer leverkusen to try and sign moussa diaby  who is valued at  60m 

would you like t ",0.0,0.0,positive,,,,
@Hakim88Ug Kyokka u even support Arsenal but anyways happy birthday, hakim88ug kyokka u even support arsenal but anyways happy birthday,0.8,1.0,positive,,,,
"RT @VTVcanal8: #ProgramasVTVğŸ“º| Deportes VTV | Arsenal inicia con buen pie la Premier League 2022-23

#RefuerzaTuVacuna

https://t.co/6DBeKrâ€¦","  programasvtv  deportes vtv   arsenal inicia con buen pie la premier league 2022 23

 refuerzatuvacuna

https t co 6dbekr ",0.0,0.0,neutral,0.0,1.0,0.0,0.0
@UTDTrey This aged wellâ€¦, utdtrey this aged well ,-0.1,0.4,positive,,,,
"Mike Arteta must be in a deep water picking one of Zinchenko or Tierney in every single match of @Arsenal ğŸ˜. 

I'mâ€¦ https://t.co/Jmmrv2gTlw","mike arteta must be in a deep water picking one of zinchenko or tierney in every single match of  arsenal   

i m  https t co jmmrv2gtlw",-0.03571428571428571,0.30714285714285716,neutral,0.0,1.0,0.0,0.0
@sif_arsenal @me2ume ÙØ¹Ù„Ø§  ÙˆØ§Ù„Ø¯ÙˆØ±ÙŠ Ø§Ù„ÙØ±Ù†Ø³ÙŠ Ø§ØªØ¶Ø­ Ø§Ù†Ù‡ Ø¨ÙŠØ¦Ù‡ Ù…Ù†Ø§Ø³Ø¨Ù‡ Ù„ØªØ·ÙˆØ± Ø§Ù„Ù„Ø§Ø¹Ø¨ÙŠÙ†  ., sif arsenal  me2ume                      ,0.0,0.0,neutral,0.0,1.0,0.0,0.0
"RT @UtdPlug: ğŸš¨ğŸ‡³ğŸ‡± PSV Eindhoven's Cody Gakpo, a long-time target for Arsenal and Leeds, is another that has been considered. [Simon Jones, @â€¦",   psv eindhoven s cody gakpo  a long time target for arsenal and leeds  is another that has been considered   simon jones   ,-0.05,0.4,neutral,0.0,1.0,0.0,0.0
"RT @EmbajadaRusaES: La aviaciÃ³n, las tropas de misiles y la artillerÃ­a de Rusia destruyeron un arsenal con 45.000 toneladas de municiÃ³n sumâ€¦", la aviaci n  las tropas de misiles y la artiller a de rusia destruyeron un arsenal con 45 000 toneladas de munici n sum ,0.0,0.0,neutral,0.0,1.0,0.0,0.0
Tavares wey Arsenal fans no like ooo. ğŸ˜‚. Guy Dem no dey stand one place watch masquerade dance. Move https://t.co/3rs3QO8tSt,tavares wey arsenal fans no like ooo    guy dem no dey stand one place watch masquerade dance  move https t co 3rs3qo8tst,0.0,0.0,negative,,,,
@elysian_sen @Naija_PR Ahhh Arsenal have no hope ke ğŸ˜‚, elysian sen  naija pr ahhh arsenal have no hope ke  ,0.0,0.0,positive,,,,
The pink Arsenal kit is a bit of meğŸ˜,the pink arsenal kit is a bit of me ,-0.1,0.3,neutral,0.0,1.0,0.0,0.0
@HotspurEdition @premierleague Nah that's too unrealistic. How can arsenal finish 3rd?, hotspuredition  premierleague nah that s too unrealistic  how can arsenal finish 3rd ,-0.25,0.5,negative,,,,
@RLEsports @Spacestation Arsenal after scoring the series winner: https://t.co/5aZE6YUZKC, rlesports  spacestation arsenal after scoring the series winner  https t co 5aze6yuzkc,0.0,0.0,positive,,,,
RT @WelBeast: Arsenal Football Club., arsenal football club ,0.0,0.0,neutral,0.0,1.0,0.0,0.0
@panditlord I hear say arsenal go carry league this season o, panditlord i hear say arsenal go carry league this season o,0.0,0.0,neutral,0.0,1.0,0.0,0.0
"RT @TalleresMP: HAGAN ALGO, NO PODEMOS SEGUIR CALLADOS.

SI ESTO LE PASARA A RIBER O A BOKA HABLAN DOS MESES SEGUIDOS Y EL ASQUEROSO DE @Feâ€¦"," hagan algo  no podemos seguir callados 

si esto le pasara a riber o a boka hablan dos meses seguidos y el asqueroso de  fe ",0.0,0.0,negative,,,,
RT @FrankKhalidUK: Ex Arsenal player Alan Smith describing Thiago Silva as a Brazilian Rolls Royce. ğŸ‡§ğŸ‡· https://t.co/zCXuh4Hmvl, ex arsenal player alan smith describing thiago silva as a brazilian rolls royce    https t co zcxuh4hmvl,0.0,0.0,neutral,0.0,1.0,0.0,0.0
"RT @saltimes: My Captain M Ã˜ 8 â™¥
#Arsenal https://t.co/n1cElvbppT"," my captain m   8  
 arsenal https t co n1celvbppt",0.0,0.0,neutral,0.0,1.0,0.0,0.0
RT @aminurus: They're lying to you when they say Peter Obi is not popular in the north. I'm from Kano. Peter Obi is rapidly spreading in thâ€¦, they re lying to you when they say peter obi is not popular in the north  i m from kano  peter obi is rapidly spreading in th ,-0.3,0.9,negative,,,,
RT @utdcynical: @utdrobbo Arsenal losing is the best thing in footy,  utdrobbo arsenal losing is the best thing in footy,1.0,0.3,positive,,,,
"@ChromeRL @ArsenalRL He really showed to all of us how much he cares about this game, his team, his fans. He didn'tâ€¦ https://t.co/L0FEl9Q16Z", chromerl  arsenalrl he really showed to all of us how much he cares about this game  his team  his fans  he didn t  https t co l0fel9q16z,0.0,0.26666666666666666,positive,,,,
RT @o2nine_: Arsenal players on loan at Marseille https://t.co/R0ssNtgIRi, arsenal players on loan at marseille https t co r0ssntgiri,0.0,0.0,neutral,0.0,1.0,0.0,0.0
Arsenal boys popping heavy on loan,arsenal boys popping heavy on loan,-0.2,0.5,neutral,0.0,1.0,0.0,0.0
"RT @Brodie_Bets: â­ï¸âš½ï¸FREE SOCCER WEEKENDâš½ï¸â­ï¸

âš½ï¸CHELSEA BTTS NO -150ğŸ³âœ…
âš½ï¸CHELSEA WIN -155ğŸ³âœ…
âš½ï¸DORTMUND U3.5 -132 ğŸ³âœ…
âš½ï¸VÃ…LERENGA -1.5 +128 ğŸ³â€¦","  free soccer weekend 

 chelsea btts no  150 
 chelsea win  155 
 dortmund u3 5  132  
 v lerenga  1 5  128  ",0.6000000000000001,0.6000000000000001,positive,,,,
RT @afcstuff: Arsenal loanee Nuno Tavaresâ€™ goal on his debut for Marseille against Reims in Ligue 1 tonight. ğŸ¤¯ #afc, arsenal loanee nuno tavares  goal on his debut for marseille against reims in ligue 1 tonight     afc,0.0,0.0,neutral,0.0,1.0,0.0,0.0
RT @VipArsenal: Hector Bellerin wants to forego his salary of around Â£4.2m to cancel his Arsenal contract a year early and join Real Betisâ€¦, hector bellerin wants to forego his salary of around  4 2m to cancel his arsenal contract a year early and join real betis ,0.16666666666666666,0.23333333333333336,positive,,,,
Video â€“ David Ornstein gives his opinion on Arsenalâ€™s mystery winger and Youri Tielemans https://t.co/ah9zReGykl,video   david ornstein gives his opinion on arsenal s mystery winger and youri tielemans https t co ah9zregykl,0.0,0.0,neutral,0.0,1.0,0.0,0.0
ã€Œå†¨å®‰å¥æ´‹ã¯æœ¬ç‰©ã®ãƒ—ãƒ­ï¼ã ã‹ã‚‰ä»Šã®åœ°ä½ã«ã‚ã‚‹ã€ã‚¢ãƒ¼ã‚»ãƒŠãƒ«U-21ç›£ç£ãŒå¤§çµ¶è³› https://t.co/WRSiHUVTaS, u 21  https t co wrsihuvtas,0.0,0.0,neutral,0.0,1.0,0.0,0.0
Leave Arsenal and play better ğŸ¤” https://t.co/woucxOeZc5,leave arsenal and play better   https t co woucxoezc5,0.5,0.5,positive,,,,
RT @leahdefence: every time i see the arsenal girls doing some boujee coffee stuff i immediately think kim is responsible ğŸ’€ https://t.co/LKâ€¦, every time i see the arsenal girls doing some boujee coffee stuff i immediately think kim is responsible   https t co lk ,0.2,0.55,positive,,,,
RT @_gyesi: Considering Haaland will be an Arsenal player in 3 years time. Iâ€™m soo happy man., considering haaland will be an arsenal player in 3 years time  i m soo happy man ,0.8,1.0,positive,,,,
@ArsenalRL @PioneersGG arsenal u did fucking amazing man, arsenalrl  pioneersgg arsenal u did fucking amazing man,0.6000000000000001,0.9,positive,,,,
